name;sku;gtin;product_number;descriptionDK;product_name;color_code;color;pantone;hex;size_code;size;price\/amount;price\/currency;stock;weight;tariff_number;country_of_origin;main_category;sub_categories;images\/packshots;iamges\/modelShots;washingInstructions
ST813 Shape Polo;'000813928o;5714485112466;ST813;Quality: 92% combed organic cotton, 8% elastaneHeather Black: 72% combed organic cotton/20% polyester/8%elastaneWeight: 200 g/m²Single jerseyBox: 50 stk., pakke: 10&nbspstk.;Shape Polo;92;Heather Black;PMS 432 C;#191919;8;XL;58,05;DKK;195;0,22;62059080;Bangladesh;Polo shirts;New Arrivals, ;http://download.stormtextil.dk/WebShop/PackShots/000813_HeatherBlack_92_back.jpg, http://download.stormtextil.dk/WebShop/PackShots/000813_HeatherBlack_92_front.jpg, http://download.stormtextil.dk/WebShop/PackShots/000813_HeatherBlack_92_side.jpg, ;http://download.stormtextil.dk/WebShop/ModelShots/000813_Shape_Polo_01c.jpg, http://download.stormtextil.dk/WebShop/ModelShots/000813_Shape_Polo_02c.jpg, http://download.stormtextil.dk/WebShop/ModelShots/000813_Shape_Polo_03c.jpg, http://download.stormtextil.dk/WebShop/ModelShots/000813_Shape_Polo_04c.jpg, http://download.stormtextil.dk/WebShop/ModelShots/000813_Shape_Polo_05c.jpg, http://download.stormtextil.dk/WebShop/ModelShots/000813_Shape_Polo_06.JPG, ;http://download.stormtextil.dk/WebShop/Washing_instructions/Storm_washing_instructions_40.png, 
ST813 Shape Polo;'000813015o;5714485112251;ST813;Quality: 92% combed organic cotton, 8% elastaneHeather Black: 72% combed organic cotton/20% polyester/8%elastaneWeight: 200 g/m²Single jerseyBox: 50 stk., pakke: 10&nbspstk.;Shape Polo;01;White;White;#ffffff;5;S;58,05;DKK;99;0,22;62059080;Bangladesh;Polo shirts;New Arrivals, ;http://download.stormtextil.dk/WebShop/PackShots/000813_White_01_back.jpg, http://download.stormtextil.dk/WebShop/PackShots/000813_White_01_front.jpg, http://download.stormtextil.dk/WebShop/PackShots/000813_White_01_side.jpg, ;http://download.stormtextil.dk/WebShop/ModelShots/000813_Shape_Polo_01c.jpg, http://download.stormtextil.dk/WebShop/ModelShots/000813_Shape_Polo_02c.jpg, http://download.stormtextil.dk/WebShop/ModelShots/000813_Shape_Polo_03c.jpg, http://download.stormtextil.dk/WebShop/ModelShots/000813_Shape_Polo_04c.jpg, http://download.stormtextil.dk/WebShop/ModelShots/000813_Shape_Polo_05c.jpg, http://download.stormtextil.dk/WebShop/ModelShots/000813_Shape_Polo_06.JPG, ;http://download.stormtextil.dk/WebShop/Washing_instructions/Storm_washing_instructions_40.png, 
ST814 Lady Shape Polo;'000814058o;5714485112718;ST814;Quality: 92% combed organic cotton, 8% elastaneHeather Black: 72% combed organic cotton/20% polyester/8%elastaneWeight: 200 g/m²Single jerseyBox: 50 stk., pakke: 10&nbspstk.;Lady Shape Polo;05;Blue Navy;PMS 533 C;#1f2a44;8;XL;58,05;DKK;49;0,17;62059080;Bangladesh;Polo shirts;New Arrivals, ;http://download.stormtextil.dk/WebShop/PackShots/000814_BlueNavy_05_back.jpg, http://download.stormtextil.dk/WebShop/PackShots/000814_BlueNavy_05_front.jpg, http://download.stormtextil.dk/WebShop/PackShots/000814_BlueNavy_05_side.jpg, ;http://download.stormtextil.dk/WebShop/ModelShots/000814_Lady_Shape_Polo_01c.jpg, http://download.stormtextil.dk/WebShop/ModelShots/000814_Lady_Shape_Polo_02c.jpg, http://download.stormtextil.dk/WebShop/ModelShots/000814_Lady_Shape_Polo_03c.jpg, ;http://download.stormtextil.dk/WebShop/Washing_instructions/Storm_washing_instructions_40.png, 
ST813 Shape Polo;'0008139390o;5714485112534;ST813;Quality: 92% combed organic cotton, 8% elastaneHeather Black: 72% combed organic cotton/20% polyester/8%elastaneWeight: 200 g/m²Single jerseyBox: 50 stk., pakke: 10&nbspstk.;Shape Polo;93;New Army;PMS 7763 C;#5A5A39;90;2XL;58,05;DKK;89;0,22;62059080;Bangladesh;Polo shirts;New Arrivals, ;http://download.stormtextil.dk/WebShop/PackShots/000813_NewArmy_93_back.jpg, http://download.stormtextil.dk/WebShop/PackShots/000813_NewArmy_93_front.jpg, http://download.stormtextil.dk/WebShop/PackShots/000813_NewArmy_93_side.jpg, ;http://download.stormtextil.dk/WebShop/ModelShots/000813_Shape_Polo_01c.jpg, http://download.stormtextil.dk/WebShop/ModelShots/000813_Shape_Polo_02c.jpg, http://download.stormtextil.dk/WebShop/ModelShots/000813_Shape_Polo_03c.jpg, http://download.stormtextil.dk/WebShop/ModelShots/000813_Shape_Polo_04c.jpg, http://download.stormtextil.dk/WebShop/ModelShots/000813_Shape_Polo_05c.jpg, http://download.stormtextil.dk/WebShop/ModelShots/000813_Shape_Polo_06.JPG, ;http://download.stormtextil.dk/WebShop/Washing_instructions/Storm_washing_instructions_40.png, 
ST813 Shape Polo;'0008139290o;5714485112473;ST813;Quality: 92% combed organic cotton, 8% elastaneHeather Black: 72% combed organic cotton/20% polyester/8%elastaneWeight: 200 g/m²Single jerseyBox: 50 stk., pakke: 10&nbspstk.;Shape Polo;92;Heather Black;PMS 432 C;#191919;90;2XL;58,05;DKK;96;0,22;62059080;Bangladesh;Polo shirts;New Arrivals, ;http://download.stormtextil.dk/WebShop/PackShots/000813_HeatherBlack_92_back.jpg, http://download.stormtextil.dk/WebShop/PackShots/000813_HeatherBlack_92_front.jpg, http://download.stormtextil.dk/WebShop/PackShots/000813_HeatherBlack_92_side.jpg, ;http://download.stormtextil.dk/WebShop/ModelShots/000813_Shape_Polo_01c.jpg, http://download.stormtextil.dk/WebShop/ModelShots/000813_Shape_Polo_02c.jpg, http://download.stormtextil.dk/WebShop/ModelShots/000813_Shape_Polo_03c.jpg, http://download.stormtextil.dk/WebShop/ModelShots/000813_Shape_Polo_04c.jpg, http://download.stormtextil.dk/WebShop/ModelShots/000813_Shape_Polo_05c.jpg, http://download.stormtextil.dk/WebShop/ModelShots/000813_Shape_Polo_06.JPG, ;http://download.stormtextil.dk/WebShop/Washing_instructions/Storm_washing_instructions_40.png, 
ST813 Shape Polo;'000813016o;5714485112268;ST813;Quality: 92% combed organic cotton, 8% elastaneHeather Black: 72% combed organic cotton/20% polyester/8%elastaneWeight: 200 g/m²Single jerseyBox: 50 stk., pakke: 10&nbspstk.;Shape Polo;01;White;White;#ffffff;6;M;58,05;DKK;180;0,22;62059080;Bangladesh;Polo shirts;New Arrivals, ;http://download.stormtextil.dk/WebShop/PackShots/000813_White_01_back.jpg, http://download.stormtextil.dk/WebShop/PackShots/000813_White_01_front.jpg, http://download.stormtextil.dk/WebShop/PackShots/000813_White_01_side.jpg, ;http://download.stormtextil.dk/WebShop/ModelShots/000813_Shape_Polo_01c.jpg, http://download.stormtextil.dk/WebShop/ModelShots/000813_Shape_Polo_02c.jpg, http://download.stormtextil.dk/WebShop/ModelShots/000813_Shape_Polo_03c.jpg, http://download.stormtextil.dk/WebShop/ModelShots/000813_Shape_Polo_04c.jpg, http://download.stormtextil.dk/WebShop/ModelShots/000813_Shape_Polo_05c.jpg, http://download.stormtextil.dk/WebShop/ModelShots/000813_Shape_Polo_06.JPG, ;http://download.stormtextil.dk/WebShop/Washing_instructions/Storm_washing_instructions_40.png, 
ST814 Lady Shape Polo;'000814037o;5714485112640;ST814;Quality: 92% combed organic cotton, 8% elastaneHeather Black: 72% combed organic cotton/20% polyester/8%elastaneWeight: 200 g/m²Single jerseyBox: 50 stk., pakke: 10&nbspstk.;Lady Shape Polo;03;Black;Black;#000000;7;L;58,05;DKK;76;0,17;62059080;Bangladesh;Polo shirts;New Arrivals, ;http://download.stormtextil.dk/WebShop/PackShots/000814_Black_03_back.jpg, http://download.stormtextil.dk/WebShop/PackShots/000814_Black_03_front.jpg, http://download.stormtextil.dk/WebShop/PackShots/000814_Black_03_side.jpg, ;http://download.stormtextil.dk/WebShop/ModelShots/000814_Lady_Shape_Polo_01c.jpg, http://download.stormtextil.dk/WebShop/ModelShots/000814_Lady_Shape_Polo_02c.jpg, http://download.stormtextil.dk/WebShop/ModelShots/000814_Lady_Shape_Polo_03c.jpg, ;http://download.stormtextil.dk/WebShop/Washing_instructions/Storm_washing_instructions_40.png, 
ST814 Lady Shape Polo;'0008140590o;5714485112725;ST814;Quality: 92% combed organic cotton, 8% elastaneHeather Black: 72% combed organic cotton/20% polyester/8%elastaneWeight: 200 g/m²Single jerseyBox: 50 stk., pakke: 10&nbspstk.;Lady Shape Polo;05;Blue Navy;PMS 533 C;#1f2a44;90;2XL;58,05;DKK;50;0,17;62059080;Bangladesh;Polo shirts;New Arrivals, ;http://download.stormtextil.dk/WebShop/PackShots/000814_BlueNavy_05_back.jpg, http://download.stormtextil.dk/WebShop/PackShots/000814_BlueNavy_05_front.jpg, http://download.stormtextil.dk/WebShop/PackShots/000814_BlueNavy_05_side.jpg, ;http://download.stormtextil.dk/WebShop/ModelShots/000814_Lady_Shape_Polo_01c.jpg, http://download.stormtextil.dk/WebShop/ModelShots/000814_Lady_Shape_Polo_02c.jpg, http://download.stormtextil.dk/WebShop/ModelShots/000814_Lady_Shape_Polo_03c.jpg, ;http://download.stormtextil.dk/WebShop/Washing_instructions/Storm_washing_instructions_40.png, 
ST813 Shape Polo;'0008139391o;5714485112541;ST813;Quality: 92% combed organic cotton, 8% elastaneHeather Black: 72% combed organic cotton/20% polyester/8%elastaneWeight: 200 g/m²Single jerseyBox: 50 stk., pakke: 10&nbspstk.;Shape Polo;93;New Army;PMS 7763 C;#5A5A39;91;3XL;61,05;DKK;43;0,22;62059080;Bangladesh;Polo shirts;New Arrivals, ;http://download.stormtextil.dk/WebShop/PackShots/000813_NewArmy_93_back.jpg, http://download.stormtextil.dk/WebShop/PackShots/000813_NewArmy_93_front.jpg, http://download.stormtextil.dk/WebShop/PackShots/000813_NewArmy_93_side.jpg, ;http://download.stormtextil.dk/WebShop/ModelShots/000813_Shape_Polo_01c.jpg, http://download.stormtextil.dk/WebShop/ModelShots/000813_Shape_Polo_02c.jpg, http://download.stormtextil.dk/WebShop/ModelShots/000813_Shape_Polo_03c.jpg, http://download.stormtextil.dk/WebShop/ModelShots/000813_Shape_Polo_04c.jpg, http://download.stormtextil.dk/WebShop/ModelShots/000813_Shape_Polo_05c.jpg, http://download.stormtextil.dk/WebShop/ModelShots/000813_Shape_Polo_06.JPG, ;http://download.stormtextil.dk/WebShop/Washing_instructions/Storm_washing_instructions_40.png, 
ST813 Shape Polo;'0008139291o;5714485112480;ST813;Quality: 92% combed organic cotton, 8% elastaneHeather Black: 72% combed organic cotton/20% polyester/8%elastaneWeight: 200 g/m²Single jerseyBox: 50 stk., pakke: 10&nbspstk.;Shape Polo;92;Heather Black;PMS 432 C;#191919;91;3XL;61,05;DKK;48;0,22;62059080;Bangladesh;Polo shirts;New Arrivals, ;http://download.stormtextil.dk/WebShop/PackShots/000813_HeatherBlack_92_back.jpg, http://download.stormtextil.dk/WebShop/PackShots/000813_HeatherBlack_92_front.jpg, http://download.stormtextil.dk/WebShop/PackShots/000813_HeatherBlack_92_side.jpg, ;http://download.stormtextil.dk/WebShop/ModelShots/000813_Shape_Polo_01c.jpg, http://download.stormtextil.dk/WebShop/ModelShots/000813_Shape_Polo_02c.jpg, http://download.stormtextil.dk/WebShop/ModelShots/000813_Shape_Polo_03c.jpg, http://download.stormtextil.dk/WebShop/ModelShots/000813_Shape_Polo_04c.jpg, http://download.stormtextil.dk/WebShop/ModelShots/000813_Shape_Polo_05c.jpg, http://download.stormtextil.dk/WebShop/ModelShots/000813_Shape_Polo_06.JPG, ;http://download.stormtextil.dk/WebShop/Washing_instructions/Storm_washing_instructions_40.png, 
ST813 Shape Polo;'000813017o;5714485112275;ST813;Quality: 92% combed organic cotton, 8% elastaneHeather Black: 72% combed organic cotton/20% polyester/8%elastaneWeight: 200 g/m²Single jerseyBox: 50 stk., pakke: 10&nbspstk.;Shape Polo;01;White;White;#ffffff;7;L;58,05;DKK;254;0,22;62059080;Bangladesh;Polo shirts;New Arrivals, ;http://download.stormtextil.dk/WebShop/PackShots/000813_White_01_back.jpg, http://download.stormtextil.dk/WebShop/PackShots/000813_White_01_front.jpg, http://download.stormtextil.dk/WebShop/PackShots/000813_White_01_side.jpg, ;http://download.stormtextil.dk/WebShop/ModelShots/000813_Shape_Polo_01c.jpg, http://download.stormtextil.dk/WebShop/ModelShots/000813_Shape_Polo_02c.jpg, http://download.stormtextil.dk/WebShop/ModelShots/000813_Shape_Polo_03c.jpg, http://download.stormtextil.dk/WebShop/ModelShots/000813_Shape_Polo_04c.jpg, http://download.stormtextil.dk/WebShop/ModelShots/000813_Shape_Polo_05c.jpg, http://download.stormtextil.dk/WebShop/ModelShots/000813_Shape_Polo_06.JPG, ;http://download.stormtextil.dk/WebShop/Washing_instructions/Storm_washing_instructions_40.png, 
ST814 Lady Shape Polo;'000814038o;5714485112657;ST814;Quality: 92% combed organic cotton, 8% elastaneHeather Black: 72% combed organic cotton/20% polyester/8%elastaneWeight: 200 g/m²Single jerseyBox: 50 stk., pakke: 10&nbspstk.;Lady Shape Polo;03;Black;Black;#000000;8;XL;58,05;DKK;43;0,17;62059080;Bangladesh;Polo shirts;New Arrivals, ;http://download.stormtextil.dk/WebShop/PackShots/000814_Black_03_back.jpg, http://download.stormtextil.dk/WebShop/PackShots/000814_Black_03_front.jpg, http://download.stormtextil.dk/WebShop/PackShots/000814_Black_03_side.jpg, ;http://download.stormtextil.dk/WebShop/ModelShots/000814_Lady_Shape_Polo_01c.jpg, http://download.stormtextil.dk/WebShop/ModelShots/000814_Lady_Shape_Polo_02c.jpg, http://download.stormtextil.dk/WebShop/ModelShots/000814_Lady_Shape_Polo_03c.jpg, ;http://download.stormtextil.dk/WebShop/Washing_instructions/Storm_washing_instructions_40.png, 
ST814 Lady Shape Polo;'0008149242o;5714485112732;ST814;Quality: 92% combed organic cotton, 8% elastaneHeather Black: 72% combed organic cotton/20% polyester/8%elastaneWeight: 200 g/m²Single jerseyBox: 50 stk., pakke: 10&nbspstk.;Lady Shape Polo;92;Heather Black;PMS 432 C;#191919;42;XS;58,05;DKK;50;0,17;62059080;Bangladesh;Polo shirts;New Arrivals, ;http://download.stormtextil.dk/WebShop/PackShots/000814_HeatherBlack_92_back.jpg, http://download.stormtextil.dk/WebShop/PackShots/000814_HeatherBlack_92_front.jpg, http://download.stormtextil.dk/WebShop/PackShots/000814_HeatherBlack_92_side.jpg, ;http://download.stormtextil.dk/WebShop/ModelShots/000814_Lady_Shape_Polo_01c.jpg, http://download.stormtextil.dk/WebShop/ModelShots/000814_Lady_Shape_Polo_02c.jpg, http://download.stormtextil.dk/WebShop/ModelShots/000814_Lady_Shape_Polo_03c.jpg, ;http://download.stormtextil.dk/WebShop/Washing_instructions/Storm_washing_instructions_40.png, 
ST813 Shape Polo;'000813018o;5714485112282;ST813;Quality: 92% combed organic cotton, 8% elastaneHeather Black: 72% combed organic cotton/20% polyester/8%elastaneWeight: 200 g/m²Single jerseyBox: 50 stk., pakke: 10&nbspstk.;Shape Polo;01;White;White;#ffffff;8;XL;58,05;DKK;186;0,22;62059080;Bangladesh;Polo shirts;New Arrivals, ;http://download.stormtextil.dk/WebShop/PackShots/000813_White_01_back.jpg, http://download.stormtextil.dk/WebShop/PackShots/000813_White_01_front.jpg, http://download.stormtextil.dk/WebShop/PackShots/000813_White_01_side.jpg, ;http://download.stormtextil.dk/WebShop/ModelShots/000813_Shape_Polo_01c.jpg, http://download.stormtextil.dk/WebShop/ModelShots/000813_Shape_Polo_02c.jpg, http://download.stormtextil.dk/WebShop/ModelShots/000813_Shape_Polo_03c.jpg, http://download.stormtextil.dk/WebShop/ModelShots/000813_Shape_Polo_04c.jpg, http://download.stormtextil.dk/WebShop/ModelShots/000813_Shape_Polo_05c.jpg, http://download.stormtextil.dk/WebShop/ModelShots/000813_Shape_Polo_06.JPG, ;http://download.stormtextil.dk/WebShop/Washing_instructions/Storm_washing_instructions_40.png, 
ST813 Shape Polo;'0008130190o;5714485112299;ST813;Quality: 92% combed organic cotton, 8% elastaneHeather Black: 72% combed organic cotton/20% polyester/8%elastaneWeight: 200 g/m²Single jerseyBox: 50 stk., pakke: 10&nbspstk.;Shape Polo;01;White;White;#ffffff;90;2XL;58,05;DKK;62;0,22;62059080;Bangladesh;Polo shirts;New Arrivals, ;http://download.stormtextil.dk/WebShop/PackShots/000813_White_01_back.jpg, http://download.stormtextil.dk/WebShop/PackShots/000813_White_01_front.jpg, http://download.stormtextil.dk/WebShop/PackShots/000813_White_01_side.jpg, ;http://download.stormtextil.dk/WebShop/ModelShots/000813_Shape_Polo_01c.jpg, http://download.stormtextil.dk/WebShop/ModelShots/000813_Shape_Polo_02c.jpg, http://download.stormtextil.dk/WebShop/ModelShots/000813_Shape_Polo_03c.jpg, http://download.stormtextil.dk/WebShop/ModelShots/000813_Shape_Polo_04c.jpg, http://download.stormtextil.dk/WebShop/ModelShots/000813_Shape_Polo_05c.jpg, http://download.stormtextil.dk/WebShop/ModelShots/000813_Shape_Polo_06.JPG, ;http://download.stormtextil.dk/WebShop/Washing_instructions/Storm_washing_instructions_40.png, 
ST814 Lady Shape Polo;'0008140390o;5714485112664;ST814;Quality: 92% combed organic cotton, 8% elastaneHeather Black: 72% combed organic cotton/20% polyester/8%elastaneWeight: 200 g/m²Single jerseyBox: 50 stk., pakke: 10&nbspstk.;Lady Shape Polo;03;Black;Black;#000000;90;2XL;58,05;DKK;45;0,17;62059080;Bangladesh;Polo shirts;New Arrivals, ;http://download.stormtextil.dk/WebShop/PackShots/000814_Black_03_back.jpg, http://download.stormtextil.dk/WebShop/PackShots/000814_Black_03_front.jpg, http://download.stormtextil.dk/WebShop/PackShots/000814_Black_03_side.jpg, ;http://download.stormtextil.dk/WebShop/ModelShots/000814_Lady_Shape_Polo_01c.jpg, http://download.stormtextil.dk/WebShop/ModelShots/000814_Lady_Shape_Polo_02c.jpg, http://download.stormtextil.dk/WebShop/ModelShots/000814_Lady_Shape_Polo_03c.jpg, ;http://download.stormtextil.dk/WebShop/Washing_instructions/Storm_washing_instructions_40.png, 
ST814 Lady Shape Polo;'000814925o;5714485112749;ST814;Quality: 92% combed organic cotton, 8% elastaneHeather Black: 72% combed organic cotton/20% polyester/8%elastaneWeight: 200 g/m²Single jerseyBox: 50 stk., pakke: 10&nbspstk.;Lady Shape Polo;92;Heather Black;PMS 432 C;#191919;5;S;58,05;DKK;98;0,17;62059080;Bangladesh;Polo shirts;New Arrivals, ;http://download.stormtextil.dk/WebShop/PackShots/000814_HeatherBlack_92_back.jpg, http://download.stormtextil.dk/WebShop/PackShots/000814_HeatherBlack_92_front.jpg, http://download.stormtextil.dk/WebShop/PackShots/000814_HeatherBlack_92_side.jpg, ;http://download.stormtextil.dk/WebShop/ModelShots/000814_Lady_Shape_Polo_01c.jpg, http://download.stormtextil.dk/WebShop/ModelShots/000814_Lady_Shape_Polo_02c.jpg, http://download.stormtextil.dk/WebShop/ModelShots/000814_Lady_Shape_Polo_03c.jpg, ;http://download.stormtextil.dk/WebShop/Washing_instructions/Storm_washing_instructions_40.png, 
ST813 Shape Polo;'0008130191o;5714485112305;ST813;Quality: 92% combed organic cotton, 8% elastaneHeather Black: 72% combed organic cotton/20% polyester/8%elastaneWeight: 200 g/m²Single jerseyBox: 50 stk., pakke: 10&nbspstk.;Shape Polo;01;White;White;#ffffff;91;3XL;61,05;DKK;50;0,22;62059080;Bangladesh;Polo shirts;New Arrivals, ;http://download.stormtextil.dk/WebShop/PackShots/000813_White_01_back.jpg, http://download.stormtextil.dk/WebShop/PackShots/000813_White_01_front.jpg, http://download.stormtextil.dk/WebShop/PackShots/000813_White_01_side.jpg, ;http://download.stormtextil.dk/WebShop/ModelShots/000813_Shape_Polo_01c.jpg, http://download.stormtextil.dk/WebShop/ModelShots/000813_Shape_Polo_02c.jpg, http://download.stormtextil.dk/WebShop/ModelShots/000813_Shape_Polo_03c.jpg, http://download.stormtextil.dk/WebShop/ModelShots/000813_Shape_Polo_04c.jpg, http://download.stormtextil.dk/WebShop/ModelShots/000813_Shape_Polo_05c.jpg, http://download.stormtextil.dk/WebShop/ModelShots/000813_Shape_Polo_06.JPG, ;http://download.stormtextil.dk/WebShop/Washing_instructions/Storm_washing_instructions_40.png, 
ST814 Lady Shape Polo;'000814926o;5714485112756;ST814;Quality: 92% combed organic cotton, 8% elastaneHeather Black: 72% combed organic cotton/20% polyester/8%elastaneWeight: 200 g/m²Single jerseyBox: 50 stk., pakke: 10&nbspstk.;Lady Shape Polo;92;Heather Black;PMS 432 C;#191919;6;M;58,05;DKK;148;0,17;62059080;Bangladesh;Polo shirts;New Arrivals, ;http://download.stormtextil.dk/WebShop/PackShots/000814_HeatherBlack_92_back.jpg, http://download.stormtextil.dk/WebShop/PackShots/000814_HeatherBlack_92_front.jpg, http://download.stormtextil.dk/WebShop/PackShots/000814_HeatherBlack_92_side.jpg, ;http://download.stormtextil.dk/WebShop/ModelShots/000814_Lady_Shape_Polo_01c.jpg, http://download.stormtextil.dk/WebShop/ModelShots/000814_Lady_Shape_Polo_02c.jpg, http://download.stormtextil.dk/WebShop/ModelShots/000814_Lady_Shape_Polo_03c.jpg, ;http://download.stormtextil.dk/WebShop/Washing_instructions/Storm_washing_instructions_40.png, 
ST814 Lady Shape Polo;'000814927o;5714485112763;ST814;Quality: 92% combed organic cotton, 8% elastaneHeather Black: 72% combed organic cotton/20% polyester/8%elastaneWeight: 200 g/m²Single jerseyBox: 50 stk., pakke: 10&nbspstk.;Lady Shape Polo;92;Heather Black;PMS 432 C;#191919;7;L;58,05;DKK;100;0,17;62059080;Bangladesh;Polo shirts;New Arrivals, ;http://download.stormtextil.dk/WebShop/PackShots/000814_HeatherBlack_92_back.jpg, http://download.stormtextil.dk/WebShop/PackShots/000814_HeatherBlack_92_front.jpg, http://download.stormtextil.dk/WebShop/PackShots/000814_HeatherBlack_92_side.jpg, ;http://download.stormtextil.dk/WebShop/ModelShots/000814_Lady_Shape_Polo_01c.jpg, http://download.stormtextil.dk/WebShop/ModelShots/000814_Lady_Shape_Polo_02c.jpg, http://download.stormtextil.dk/WebShop/ModelShots/000814_Lady_Shape_Polo_03c.jpg, ;http://download.stormtextil.dk/WebShop/Washing_instructions/Storm_washing_instructions_40.png, 
ST814 Lady Shape Polo;'000814928o;5714485112770;ST814;Quality: 92% combed organic cotton, 8% elastaneHeather Black: 72% combed organic cotton/20% polyester/8%elastaneWeight: 200 g/m²Single jerseyBox: 50 stk., pakke: 10&nbspstk.;Lady Shape Polo;92;Heather Black;PMS 432 C;#191919;8;XL;58,05;DKK;49;0,17;62059080;Bangladesh;Polo shirts;New Arrivals, ;http://download.stormtextil.dk/WebShop/PackShots/000814_HeatherBlack_92_back.jpg, http://download.stormtextil.dk/WebShop/PackShots/000814_HeatherBlack_92_front.jpg, http://download.stormtextil.dk/WebShop/PackShots/000814_HeatherBlack_92_side.jpg, ;http://download.stormtextil.dk/WebShop/ModelShots/000814_Lady_Shape_Polo_01c.jpg, http://download.stormtextil.dk/WebShop/ModelShots/000814_Lady_Shape_Polo_02c.jpg, http://download.stormtextil.dk/WebShop/ModelShots/000814_Lady_Shape_Polo_03c.jpg, ;http://download.stormtextil.dk/WebShop/Washing_instructions/Storm_washing_instructions_40.png, 
ST814 Lady Shape Polo;'0008149290o;5714485112787;ST814;Quality: 92% combed organic cotton, 8% elastaneHeather Black: 72% combed organic cotton/20% polyester/8%elastaneWeight: 200 g/m²Single jerseyBox: 50 stk., pakke: 10&nbspstk.;Lady Shape Polo;92;Heather Black;PMS 432 C;#191919;90;2XL;58,05;DKK;50;0,17;62059080;Bangladesh;Polo shirts;New Arrivals, ;http://download.stormtextil.dk/WebShop/PackShots/000814_HeatherBlack_92_back.jpg, http://download.stormtextil.dk/WebShop/PackShots/000814_HeatherBlack_92_front.jpg, http://download.stormtextil.dk/WebShop/PackShots/000814_HeatherBlack_92_side.jpg, ;http://download.stormtextil.dk/WebShop/ModelShots/000814_Lady_Shape_Polo_01c.jpg, http://download.stormtextil.dk/WebShop/ModelShots/000814_Lady_Shape_Polo_02c.jpg, http://download.stormtextil.dk/WebShop/ModelShots/000814_Lady_Shape_Polo_03c.jpg, ;http://download.stormtextil.dk/WebShop/Washing_instructions/Storm_washing_instructions_40.png, 
ST305 Uni Fashion;'000305165o;5714485113586;ST305;&nbspQuality: 100% combed and enzyme washed cottonOxford Grey: 85% combed cotton, 15% viscoseHeather Black: 65% combed cotton, 35% polyesterAnthracite: 60 % combed cotton, 40% polyesterWeight: 165 g/m²Single jerseyBox: 50 pcs., pack: 10 pcs.The product is LABELFREE and contains only a small size label in the left side of the neck.The ST305 Uni Fashion is a classic t-shirt with a slightly fitted cut and side seam. The sleeve is tailored to fit this cut.Sleeves and bottom are hemmed with 3 threaded flatlock. 3 threaded flatlock make a decorative detail to the T-shirt. It has 3 straight stitches with zig-zag stitches between on the right side of the T-shirt, it makes the hem more visible than with a normal twin-needle stitching.The neckline is finished with at 1x1 cotton rib and stitched whit at twin needle topstitch.The t-shirt is made from one of our most popular cotton fabrics, single jersey 165 g / m². We use this material for most of our t-shirts. The material is known for the following qualities: soft, flexible, hardwearing, suitable for many washing, good color fastness, minimal shrinkage, smooth and uniform surface.The t-shirt has neck tape and only a small size label in the left side of the neck. In the left side seam, there is a small label with the product name and washing instructions.;Uni Fashion;16;Bottle Green;PMS 553 C;#284734;5;S;26;DKK;0;0,15;61091000;Bangladesh;T-Shirts;T-Shirts crew neck, New Arrivals, ;http://download.stormtextil.dk/WebShop/PackShots/000305_BottleGreen_16_back.jpg, http://download.stormtextil.dk/WebShop/PackShots/000305_BottleGreen_16_front.jpg, http://download.stormtextil.dk/WebShop/PackShots/000305_BottleGreen_16_side.jpg, ;http://download.stormtextil.dk/WebShop/ModelShots/000305_Uni_Fashion_01.jpg, http://download.stormtextil.dk/WebShop/ModelShots/000305_Uni_Fashion_01c.jpg, http://download.stormtextil.dk/WebShop/ModelShots/000305_Uni_Fashion_02.jpg, http://download.stormtextil.dk/WebShop/ModelShots/000305_Uni_Fashion_02c.jpg, http://download.stormtextil.dk/WebShop/ModelShots/000305_Uni_Fashion_03.jpg, http://download.stormtextil.dk/WebShop/ModelShots/000305_Uni_Fashion_03c.jpg, ;
ST305 Uni Fashion;'000305166o;5714485113593;ST305;&nbspQuality: 100% combed and enzyme washed cottonOxford Grey: 85% combed cotton, 15% viscoseHeather Black: 65% combed cotton, 35% polyesterAnthracite: 60 % combed cotton, 40% polyesterWeight: 165 g/m²Single jerseyBox: 50 pcs., pack: 10 pcs.The product is LABELFREE and contains only a small size label in the left side of the neck.The ST305 Uni Fashion is a classic t-shirt with a slightly fitted cut and side seam. The sleeve is tailored to fit this cut.Sleeves and bottom are hemmed with 3 threaded flatlock. 3 threaded flatlock make a decorative detail to the T-shirt. It has 3 straight stitches with zig-zag stitches between on the right side of the T-shirt, it makes the hem more visible than with a normal twin-needle stitching.The neckline is finished with at 1x1 cotton rib and stitched whit at twin needle topstitch.The t-shirt is made from one of our most popular cotton fabrics, single jersey 165 g / m². We use this material for most of our t-shirts. The material is known for the following qualities: soft, flexible, hardwearing, suitable for many washing, good color fastness, minimal shrinkage, smooth and uniform surface.The t-shirt has neck tape and only a small size label in the left side of the neck. In the left side seam, there is a small label with the product name and washing instructions.;Uni Fashion;16;Bottle Green;PMS 553 C;#284734;6;M;26;DKK;213;0,16;61091000;Bangladesh;T-Shirts;T-Shirts crew neck, New Arrivals, ;http://download.stormtextil.dk/WebShop/PackShots/000305_BottleGreen_16_back.jpg, http://download.stormtextil.dk/WebShop/PackShots/000305_BottleGreen_16_front.jpg, http://download.stormtextil.dk/WebShop/PackShots/000305_BottleGreen_16_side.jpg, ;http://download.stormtextil.dk/WebShop/ModelShots/000305_Uni_Fashion_01.jpg, http://download.stormtextil.dk/WebShop/ModelShots/000305_Uni_Fashion_01c.jpg, http://download.stormtextil.dk/WebShop/ModelShots/000305_Uni_Fashion_02.jpg, http://download.stormtextil.dk/WebShop/ModelShots/000305_Uni_Fashion_02c.jpg, http://download.stormtextil.dk/WebShop/ModelShots/000305_Uni_Fashion_03.jpg, http://download.stormtextil.dk/WebShop/ModelShots/000305_Uni_Fashion_03c.jpg, ;
ST305 Uni Fashion;'000305167o;5714485113609;ST305;&nbspQuality: 100% combed and enzyme washed cottonOxford Grey: 85% combed cotton, 15% viscoseHeather Black: 65% combed cotton, 35% polyesterAnthracite: 60 % combed cotton, 40% polyesterWeight: 165 g/m²Single jerseyBox: 50 pcs., pack: 10 pcs.The product is LABELFREE and contains only a small size label in the left side of the neck.The ST305 Uni Fashion is a classic t-shirt with a slightly fitted cut and side seam. The sleeve is tailored to fit this cut.Sleeves and bottom are hemmed with 3 threaded flatlock. 3 threaded flatlock make a decorative detail to the T-shirt. It has 3 straight stitches with zig-zag stitches between on the right side of the T-shirt, it makes the hem more visible than with a normal twin-needle stitching.The neckline is finished with at 1x1 cotton rib and stitched whit at twin needle topstitch.The t-shirt is made from one of our most popular cotton fabrics, single jersey 165 g / m². We use this material for most of our t-shirts. The material is known for the following qualities: soft, flexible, hardwearing, suitable for many washing, good color fastness, minimal shrinkage, smooth and uniform surface.The t-shirt has neck tape and only a small size label in the left side of the neck. In the left side seam, there is a small label with the product name and washing instructions.;Uni Fashion;16;Bottle Green;PMS 553 C;#284734;7;L;26;DKK;379;0,17;61091000;Bangladesh;T-Shirts;T-Shirts crew neck, New Arrivals, ;http://download.stormtextil.dk/WebShop/PackShots/000305_BottleGreen_16_back.jpg, http://download.stormtextil.dk/WebShop/PackShots/000305_BottleGreen_16_front.jpg, http://download.stormtextil.dk/WebShop/PackShots/000305_BottleGreen_16_side.jpg, ;http://download.stormtextil.dk/WebShop/ModelShots/000305_Uni_Fashion_01.jpg, http://download.stormtextil.dk/WebShop/ModelShots/000305_Uni_Fashion_01c.jpg, http://download.stormtextil.dk/WebShop/ModelShots/000305_Uni_Fashion_02.jpg, http://download.stormtextil.dk/WebShop/ModelShots/000305_Uni_Fashion_02c.jpg, http://download.stormtextil.dk/WebShop/ModelShots/000305_Uni_Fashion_03.jpg, http://download.stormtextil.dk/WebShop/ModelShots/000305_Uni_Fashion_03c.jpg, ;
ST305 Uni Fashion;'000305168o;5714485113616;ST305;&nbspQuality: 100% combed and enzyme washed cottonOxford Grey: 85% combed cotton, 15% viscoseHeather Black: 65% combed cotton, 35% polyesterAnthracite: 60 % combed cotton, 40% polyesterWeight: 165 g/m²Single jerseyBox: 50 pcs., pack: 10 pcs.The product is LABELFREE and contains only a small size label in the left side of the neck.The ST305 Uni Fashion is a classic t-shirt with a slightly fitted cut and side seam. The sleeve is tailored to fit this cut.Sleeves and bottom are hemmed with 3 threaded flatlock. 3 threaded flatlock make a decorative detail to the T-shirt. It has 3 straight stitches with zig-zag stitches between on the right side of the T-shirt, it makes the hem more visible than with a normal twin-needle stitching.The neckline is finished with at 1x1 cotton rib and stitched whit at twin needle topstitch.The t-shirt is made from one of our most popular cotton fabrics, single jersey 165 g / m². We use this material for most of our t-shirts. The material is known for the following qualities: soft, flexible, hardwearing, suitable for many washing, good color fastness, minimal shrinkage, smooth and uniform surface.The t-shirt has neck tape and only a small size label in the left side of the neck. In the left side seam, there is a small label with the product name and washing instructions.;Uni Fashion;16;Bottle Green;PMS 553 C;#284734;8;XL;26;DKK;228;0,18;61091000;Bangladesh;T-Shirts;T-Shirts crew neck, New Arrivals, ;http://download.stormtextil.dk/WebShop/PackShots/000305_BottleGreen_16_back.jpg, http://download.stormtextil.dk/WebShop/PackShots/000305_BottleGreen_16_front.jpg, http://download.stormtextil.dk/WebShop/PackShots/000305_BottleGreen_16_side.jpg, ;http://download.stormtextil.dk/WebShop/ModelShots/000305_Uni_Fashion_01.jpg, http://download.stormtextil.dk/WebShop/ModelShots/000305_Uni_Fashion_01c.jpg, http://download.stormtextil.dk/WebShop/ModelShots/000305_Uni_Fashion_02.jpg, http://download.stormtextil.dk/WebShop/ModelShots/000305_Uni_Fashion_02c.jpg, http://download.stormtextil.dk/WebShop/ModelShots/000305_Uni_Fashion_03.jpg, http://download.stormtextil.dk/WebShop/ModelShots/000305_Uni_Fashion_03c.jpg, ;
ST305 Uni Fashion;'0003051690o;5714485113623;ST305;&nbspQuality: 100% combed and enzyme washed cottonOxford Grey: 85% combed cotton, 15% viscoseHeather Black: 65% combed cotton, 35% polyesterAnthracite: 60 % combed cotton, 40% polyesterWeight: 165 g/m²Single jerseyBox: 50 pcs., pack: 10 pcs.The product is LABELFREE and contains only a small size label in the left side of the neck.The ST305 Uni Fashion is a classic t-shirt with a slightly fitted cut and side seam. The sleeve is tailored to fit this cut.Sleeves and bottom are hemmed with 3 threaded flatlock. 3 threaded flatlock make a decorative detail to the T-shirt. It has 3 straight stitches with zig-zag stitches between on the right side of the T-shirt, it makes the hem more visible than with a normal twin-needle stitching.The neckline is finished with at 1x1 cotton rib and stitched whit at twin needle topstitch.The t-shirt is made from one of our most popular cotton fabrics, single jersey 165 g / m². We use this material for most of our t-shirts. The material is known for the following qualities: soft, flexible, hardwearing, suitable for many washing, good color fastness, minimal shrinkage, smooth and uniform surface.The t-shirt has neck tape and only a small size label in the left side of the neck. In the left side seam, there is a small label with the product name and washing instructions.;Uni Fashion;16;Bottle Green;PMS 553 C;#284734;90;2XL;26;DKK;138;0,19;61091000;Bangladesh;T-Shirts;T-Shirts crew neck, New Arrivals, ;http://download.stormtextil.dk/WebShop/PackShots/000305_BottleGreen_16_back.jpg, http://download.stormtextil.dk/WebShop/PackShots/000305_BottleGreen_16_front.jpg, http://download.stormtextil.dk/WebShop/PackShots/000305_BottleGreen_16_side.jpg, ;http://download.stormtextil.dk/WebShop/ModelShots/000305_Uni_Fashion_01.jpg, http://download.stormtextil.dk/WebShop/ModelShots/000305_Uni_Fashion_01c.jpg, http://download.stormtextil.dk/WebShop/ModelShots/000305_Uni_Fashion_02.jpg, http://download.stormtextil.dk/WebShop/ModelShots/000305_Uni_Fashion_02c.jpg, http://download.stormtextil.dk/WebShop/ModelShots/000305_Uni_Fashion_03.jpg, http://download.stormtextil.dk/WebShop/ModelShots/000305_Uni_Fashion_03c.jpg, ;
ST305 Uni Fashion;'0003051691o;5714485113630;ST305;&nbspQuality: 100% combed and enzyme washed cottonOxford Grey: 85% combed cotton, 15% viscoseHeather Black: 65% combed cotton, 35% polyesterAnthracite: 60 % combed cotton, 40% polyesterWeight: 165 g/m²Single jerseyBox: 50 pcs., pack: 10 pcs.The product is LABELFREE and contains only a small size label in the left side of the neck.The ST305 Uni Fashion is a classic t-shirt with a slightly fitted cut and side seam. The sleeve is tailored to fit this cut.Sleeves and bottom are hemmed with 3 threaded flatlock. 3 threaded flatlock make a decorative detail to the T-shirt. It has 3 straight stitches with zig-zag stitches between on the right side of the T-shirt, it makes the hem more visible than with a normal twin-needle stitching.The neckline is finished with at 1x1 cotton rib and stitched whit at twin needle topstitch.The t-shirt is made from one of our most popular cotton fabrics, single jersey 165 g / m². We use this material for most of our t-shirts. The material is known for the following qualities: soft, flexible, hardwearing, suitable for many washing, good color fastness, minimal shrinkage, smooth and uniform surface.The t-shirt has neck tape and only a small size label in the left side of the neck. In the left side seam, there is a small label with the product name and washing instructions.;Uni Fashion;16;Bottle Green;PMS 553 C;#284734;91;3XL;29;DKK;34;0,21;61091000;Bangladesh;T-Shirts;T-Shirts crew neck, New Arrivals, ;http://download.stormtextil.dk/WebShop/PackShots/000305_BottleGreen_16_back.jpg, http://download.stormtextil.dk/WebShop/PackShots/000305_BottleGreen_16_front.jpg, http://download.stormtextil.dk/WebShop/PackShots/000305_BottleGreen_16_side.jpg, ;http://download.stormtextil.dk/WebShop/ModelShots/000305_Uni_Fashion_01.jpg, http://download.stormtextil.dk/WebShop/ModelShots/000305_Uni_Fashion_01c.jpg, http://download.stormtextil.dk/WebShop/ModelShots/000305_Uni_Fashion_02.jpg, http://download.stormtextil.dk/WebShop/ModelShots/000305_Uni_Fashion_02c.jpg, http://download.stormtextil.dk/WebShop/ModelShots/000305_Uni_Fashion_03.jpg, http://download.stormtextil.dk/WebShop/ModelShots/000305_Uni_Fashion_03c.jpg, ;
ST107 Baby Body;'0001075401o;5714485113128;ST107;Quality: 100% organic cottonOxford Grey: 85% organic cotton / 15% viscoseSpring Green, Dusty Blue: 100% cotton&nbspWeight: 230 g/m²One by one&nbspribBox: 50 pcs., pack: 10 pcs.The product is label free and contains only a small size label in the left side of the neck.Baby body with stitches on the sides, short sleeves, and envelope style neckline with overlapping shoulders.;Baby Body;54;Sky Blue;PMS 657 C;#c8d8eb;01;0-6 Months;19,5;DKK;0;0,07;62092000;Bangladesh;Baby;New Arrivals, ;http://download.stormtextil.dk/WebShop/PackShots/000107_SkyBlue_54_back_b.jpg, http://download.stormtextil.dk/WebShop/PackShots/000107_SkyBlue_54_front_b.jpg, ;http://download.stormtextil.dk/WebShop/ModelShots/000107_Baby_Body_01.jpg, http://download.stormtextil.dk/WebShop/ModelShots/000107_Baby_Body_01c.jpg, http://download.stormtextil.dk/WebShop/ModelShots/000107_Baby_Body_02.jpg, ;
ST107 Baby Body;'0001075402o;5714485113135;ST107;Quality: 100% organic cottonOxford Grey: 85% organic cotton / 15% viscoseSpring Green, Dusty Blue: 100% cotton&nbspWeight: 230 g/m²One by one&nbspribBox: 50 pcs., pack: 10 pcs.The product is label free and contains only a small size label in the left side of the neck.Baby body with stitches on the sides, short sleeves, and envelope style neckline with overlapping shoulders.;Baby Body;54;Sky Blue;PMS 657 C;#c8d8eb;02;6-12 Months;19,5;DKK;40;0,06;62092000;Bangladesh;Baby;New Arrivals, ;http://download.stormtextil.dk/WebShop/PackShots/000107_SkyBlue_54_back_b.jpg, http://download.stormtextil.dk/WebShop/PackShots/000107_SkyBlue_54_front_b.jpg, ;http://download.stormtextil.dk/WebShop/ModelShots/000107_Baby_Body_01.jpg, http://download.stormtextil.dk/WebShop/ModelShots/000107_Baby_Body_01c.jpg, http://download.stormtextil.dk/WebShop/ModelShots/000107_Baby_Body_02.jpg, ;
ST107 Baby Body;'0001075403o;5714485113142;ST107;Quality: 100% organic cottonOxford Grey: 85% organic cotton / 15% viscoseSpring Green, Dusty Blue: 100% cotton&nbspWeight: 230 g/m²One by one&nbspribBox: 50 pcs., pack: 10 pcs.The product is label free and contains only a small size label in the left side of the neck.Baby body with stitches on the sides, short sleeves, and envelope style neckline with overlapping shoulders.;Baby Body;54;Sky Blue;PMS 657 C;#c8d8eb;03;12-18 Months;19,5;DKK;91;0,06;62092000;Bangladesh;Baby;New Arrivals, ;http://download.stormtextil.dk/WebShop/PackShots/000107_SkyBlue_54_back_b.jpg, http://download.stormtextil.dk/WebShop/PackShots/000107_SkyBlue_54_front_b.jpg, ;http://download.stormtextil.dk/WebShop/ModelShots/000107_Baby_Body_01.jpg, http://download.stormtextil.dk/WebShop/ModelShots/000107_Baby_Body_01c.jpg, http://download.stormtextil.dk/WebShop/ModelShots/000107_Baby_Body_02.jpg, ;
ST107 Baby Body;'0001075404o;5714485113159;ST107;Quality: 100% organic cottonOxford Grey: 85% organic cotton / 15% viscoseSpring Green, Dusty Blue: 100% cotton&nbspWeight: 230 g/m²One by one&nbspribBox: 50 pcs., pack: 10 pcs.The product is label free and contains only a small size label in the left side of the neck.Baby body with stitches on the sides, short sleeves, and envelope style neckline with overlapping shoulders.;Baby Body;54;Sky Blue;PMS 657 C;#c8d8eb;04;18-24 Months;19,5;DKK;50;0,06;62092000;Bangladesh;Baby;New Arrivals, ;http://download.stormtextil.dk/WebShop/PackShots/000107_SkyBlue_54_back_b.jpg, http://download.stormtextil.dk/WebShop/PackShots/000107_SkyBlue_54_front_b.jpg, ;http://download.stormtextil.dk/WebShop/ModelShots/000107_Baby_Body_01.jpg, http://download.stormtextil.dk/WebShop/ModelShots/000107_Baby_Body_01c.jpg, http://download.stormtextil.dk/WebShop/ModelShots/000107_Baby_Body_02.jpg, ;
ST702 Heavy Sweat;'000702022;5714485108483;ST702;Quality: 65% combed cotton / 35% polyesterOxford Grey: 74% combed&nbspcotton / 11% polyester / 15% viscoseWeight: 320 g/m²IsoliBox: 20 pcs., pack: 5 pcs.The product is label free and contains only a small size label in the left side of the neck.This is a classic sweatshirt in top quality, with round neck and lycra rib. It has double stitches and stitches on the sides.;Heavy Sweat;02;Ash;PMS 427 C;#d0d3d4;2;4-6 Years;68,55;DKK;46;0,24;61102010;Bangladesh;Sweatshirts;Crew neck, New Arrivals, ;http://download.stormtextil.dk/WebShop/PackShots/000702_Ash_02_back.jpg, http://download.stormtextil.dk/WebShop/PackShots/000702_Ash_02_front.jpg, http://download.stormtextil.dk/WebShop/PackShots/000702_Ash_02_side.jpg, ;http://download.stormtextil.dk/WebShop/ModelShots/000702_Heavy_Sweat_01c.jpg, http://download.stormtextil.dk/WebShop/ModelShots/000702_Heavy_Sweat_02c.jpg, http://download.stormtextil.dk/WebShop/ModelShots/000702_Heavy_Sweat_03c.jpg, http://download.stormtextil.dk/WebShop/ModelShots/000702_Heavy_Sweat_04c.JPG, http://download.stormtextil.dk/WebShop/ModelShots/000702_Heavy_Sweat_05c.jpg, http://download.stormtextil.dk/WebShop/ModelShots/000702_Heavy_Sweat_06c.jpg, http://download.stormtextil.dk/WebShop/ModelShots/000702_Heavy_Sweat_07.JPG, ;
ST702 Heavy Sweat;'000702023;5714485113777;ST702;Quality: 65% combed cotton / 35% polyesterOxford Grey: 74% combed&nbspcotton / 11% polyester / 15% viscoseWeight: 320 g/m²IsoliBox: 20 pcs., pack: 5 pcs.The product is label free and contains only a small size label in the left side of the neck.This is a classic sweatshirt in top quality, with round neck and lycra rib. It has double stitches and stitches on the sides.;Heavy Sweat;02;Ash;PMS 427 C;#d0d3d4;3;8-10 Years;68,55;DKK;64;0,24;61102010;Bangladesh;Sweatshirts;Crew neck, New Arrivals, ;http://download.stormtextil.dk/WebShop/PackShots/000702_Ash_02_back.jpg, http://download.stormtextil.dk/WebShop/PackShots/000702_Ash_02_front.jpg, http://download.stormtextil.dk/WebShop/PackShots/000702_Ash_02_side.jpg, ;http://download.stormtextil.dk/WebShop/ModelShots/000702_Heavy_Sweat_01c.jpg, http://download.stormtextil.dk/WebShop/ModelShots/000702_Heavy_Sweat_02c.jpg, http://download.stormtextil.dk/WebShop/ModelShots/000702_Heavy_Sweat_03c.jpg, http://download.stormtextil.dk/WebShop/ModelShots/000702_Heavy_Sweat_04c.JPG, http://download.stormtextil.dk/WebShop/ModelShots/000702_Heavy_Sweat_05c.jpg, http://download.stormtextil.dk/WebShop/ModelShots/000702_Heavy_Sweat_06c.jpg, http://download.stormtextil.dk/WebShop/ModelShots/000702_Heavy_Sweat_07.JPG, ;
ST702 Heavy Sweat;'0007020242;5714485108490;ST702;Quality: 65% combed cotton / 35% polyesterOxford Grey: 74% combed&nbspcotton / 11% polyester / 15% viscoseWeight: 320 g/m²IsoliBox: 20 pcs., pack: 5 pcs.The product is label free and contains only a small size label in the left side of the neck.This is a classic sweatshirt in top quality, with round neck and lycra rib. It has double stitches and stitches on the sides.;Heavy Sweat;02;Ash;PMS 427 C;#d0d3d4;42;XS;81,55;DKK;107;0,35;61102010;Bangladesh;Sweatshirts;Crew neck, New Arrivals, ;http://download.stormtextil.dk/WebShop/PackShots/000702_Ash_02_back.jpg, http://download.stormtextil.dk/WebShop/PackShots/000702_Ash_02_front.jpg, http://download.stormtextil.dk/WebShop/PackShots/000702_Ash_02_side.jpg, ;http://download.stormtextil.dk/WebShop/ModelShots/000702_Heavy_Sweat_01c.jpg, http://download.stormtextil.dk/WebShop/ModelShots/000702_Heavy_Sweat_02c.jpg, http://download.stormtextil.dk/WebShop/ModelShots/000702_Heavy_Sweat_03c.jpg, http://download.stormtextil.dk/WebShop/ModelShots/000702_Heavy_Sweat_04c.JPG, http://download.stormtextil.dk/WebShop/ModelShots/000702_Heavy_Sweat_05c.jpg, http://download.stormtextil.dk/WebShop/ModelShots/000702_Heavy_Sweat_06c.jpg, http://download.stormtextil.dk/WebShop/ModelShots/000702_Heavy_Sweat_07.JPG, ;
ST702 Heavy Sweat;'000702025;5714485113807;ST702;Quality: 65% combed cotton / 35% polyesterOxford Grey: 74% combed&nbspcotton / 11% polyester / 15% viscoseWeight: 320 g/m²IsoliBox: 20 pcs., pack: 5 pcs.The product is label free and contains only a small size label in the left side of the neck.This is a classic sweatshirt in top quality, with round neck and lycra rib. It has double stitches and stitches on the sides.;Heavy Sweat;02;Ash;PMS 427 C;#d0d3d4;5;S;81,55;DKK;116;0,39;61102010;Bangladesh;Sweatshirts;Crew neck, New Arrivals, ;http://download.stormtextil.dk/WebShop/PackShots/000702_Ash_02_back.jpg, http://download.stormtextil.dk/WebShop/PackShots/000702_Ash_02_front.jpg, http://download.stormtextil.dk/WebShop/PackShots/000702_Ash_02_side.jpg, ;http://download.stormtextil.dk/WebShop/ModelShots/000702_Heavy_Sweat_01c.jpg, http://download.stormtextil.dk/WebShop/ModelShots/000702_Heavy_Sweat_02c.jpg, http://download.stormtextil.dk/WebShop/ModelShots/000702_Heavy_Sweat_03c.jpg, http://download.stormtextil.dk/WebShop/ModelShots/000702_Heavy_Sweat_04c.JPG, http://download.stormtextil.dk/WebShop/ModelShots/000702_Heavy_Sweat_05c.jpg, http://download.stormtextil.dk/WebShop/ModelShots/000702_Heavy_Sweat_06c.jpg, http://download.stormtextil.dk/WebShop/ModelShots/000702_Heavy_Sweat_07.JPG, ;
ST702 Heavy Sweat;'000702028;5714485113838;ST702;Quality: 65% combed cotton / 35% polyesterOxford Grey: 74% combed&nbspcotton / 11% polyester / 15% viscoseWeight: 320 g/m²IsoliBox: 20 pcs., pack: 5 pcs.The product is label free and contains only a small size label in the left side of the neck.This is a classic sweatshirt in top quality, with round neck and lycra rib. It has double stitches and stitches on the sides.;Heavy Sweat;02;Ash;PMS 427 C;#d0d3d4;8;XL;81,55;DKK;220;0,53;61102010;Bangladesh;Sweatshirts;Crew neck, New Arrivals, ;http://download.stormtextil.dk/WebShop/PackShots/000702_Ash_02_back.jpg, http://download.stormtextil.dk/WebShop/PackShots/000702_Ash_02_front.jpg, http://download.stormtextil.dk/WebShop/PackShots/000702_Ash_02_side.jpg, ;http://download.stormtextil.dk/WebShop/ModelShots/000702_Heavy_Sweat_01c.jpg, http://download.stormtextil.dk/WebShop/ModelShots/000702_Heavy_Sweat_02c.jpg, http://download.stormtextil.dk/WebShop/ModelShots/000702_Heavy_Sweat_03c.jpg, http://download.stormtextil.dk/WebShop/ModelShots/000702_Heavy_Sweat_04c.JPG, http://download.stormtextil.dk/WebShop/ModelShots/000702_Heavy_Sweat_05c.jpg, http://download.stormtextil.dk/WebShop/ModelShots/000702_Heavy_Sweat_06c.jpg, http://download.stormtextil.dk/WebShop/ModelShots/000702_Heavy_Sweat_07.JPG, ;
ST702 Heavy Sweat;'0007020291;5714485108506;ST702;Quality: 65% combed cotton / 35% polyesterOxford Grey: 74% combed&nbspcotton / 11% polyester / 15% viscoseWeight: 320 g/m²IsoliBox: 20 pcs., pack: 5 pcs.The product is label free and contains only a small size label in the left side of the neck.This is a classic sweatshirt in top quality, with round neck and lycra rib. It has double stitches and stitches on the sides.;Heavy Sweat;02;Ash;PMS 427 C;#d0d3d4;91;3XL;86,55;DKK;63;0,64;61102010;Bangladesh;Sweatshirts;Crew neck, New Arrivals, ;http://download.stormtextil.dk/WebShop/PackShots/000702_Ash_02_back.jpg, http://download.stormtextil.dk/WebShop/PackShots/000702_Ash_02_front.jpg, http://download.stormtextil.dk/WebShop/PackShots/000702_Ash_02_side.jpg, ;http://download.stormtextil.dk/WebShop/ModelShots/000702_Heavy_Sweat_01c.jpg, http://download.stormtextil.dk/WebShop/ModelShots/000702_Heavy_Sweat_02c.jpg, http://download.stormtextil.dk/WebShop/ModelShots/000702_Heavy_Sweat_03c.jpg, http://download.stormtextil.dk/WebShop/ModelShots/000702_Heavy_Sweat_04c.JPG, http://download.stormtextil.dk/WebShop/ModelShots/000702_Heavy_Sweat_05c.jpg, http://download.stormtextil.dk/WebShop/ModelShots/000702_Heavy_Sweat_06c.jpg, http://download.stormtextil.dk/WebShop/ModelShots/000702_Heavy_Sweat_07.JPG, ;
ST702 Heavy Sweat;'0007020240;5714485113791;ST702;Quality: 65% combed cotton / 35% polyesterOxford Grey: 74% combed&nbspcotton / 11% polyester / 15% viscoseWeight: 320 g/m²IsoliBox: 20 pcs., pack: 5 pcs.The product is label free and contains only a small size label in the left side of the neck.This is a classic sweatshirt in top quality, with round neck and lycra rib. It has double stitches and stitches on the sides.;Heavy Sweat;02;Ash;PMS 427 C;#d0d3d4;40;12-14 Years;68,55;DKK;63;0,24;61102010;Bangladesh;Sweatshirts;Crew neck, New Arrivals, ;http://download.stormtextil.dk/WebShop/PackShots/000702_Ash_02_back.jpg, http://download.stormtextil.dk/WebShop/PackShots/000702_Ash_02_front.jpg, http://download.stormtextil.dk/WebShop/PackShots/000702_Ash_02_side.jpg, ;http://download.stormtextil.dk/WebShop/ModelShots/000702_Heavy_Sweat_01c.jpg, http://download.stormtextil.dk/WebShop/ModelShots/000702_Heavy_Sweat_02c.jpg, http://download.stormtextil.dk/WebShop/ModelShots/000702_Heavy_Sweat_03c.jpg, http://download.stormtextil.dk/WebShop/ModelShots/000702_Heavy_Sweat_04c.JPG, http://download.stormtextil.dk/WebShop/ModelShots/000702_Heavy_Sweat_05c.jpg, http://download.stormtextil.dk/WebShop/ModelShots/000702_Heavy_Sweat_06c.jpg, http://download.stormtextil.dk/WebShop/ModelShots/000702_Heavy_Sweat_07.JPG, ;
ST702 Heavy Sweat;'000702026;5714485113814;ST702;Quality: 65% combed cotton / 35% polyesterOxford Grey: 74% combed&nbspcotton / 11% polyester / 15% viscoseWeight: 320 g/m²IsoliBox: 20 pcs., pack: 5 pcs.The product is label free and contains only a small size label in the left side of the neck.This is a classic sweatshirt in top quality, with round neck and lycra rib. It has double stitches and stitches on the sides.;Heavy Sweat;02;Ash;PMS 427 C;#d0d3d4;6;M;81,55;DKK;81;0,44;61102010;Bangladesh;Sweatshirts;Crew neck, New Arrivals, ;http://download.stormtextil.dk/WebShop/PackShots/000702_Ash_02_back.jpg, http://download.stormtextil.dk/WebShop/PackShots/000702_Ash_02_front.jpg, http://download.stormtextil.dk/WebShop/PackShots/000702_Ash_02_side.jpg, ;http://download.stormtextil.dk/WebShop/ModelShots/000702_Heavy_Sweat_01c.jpg, http://download.stormtextil.dk/WebShop/ModelShots/000702_Heavy_Sweat_02c.jpg, http://download.stormtextil.dk/WebShop/ModelShots/000702_Heavy_Sweat_03c.jpg, http://download.stormtextil.dk/WebShop/ModelShots/000702_Heavy_Sweat_04c.JPG, http://download.stormtextil.dk/WebShop/ModelShots/000702_Heavy_Sweat_05c.jpg, http://download.stormtextil.dk/WebShop/ModelShots/000702_Heavy_Sweat_06c.jpg, http://download.stormtextil.dk/WebShop/ModelShots/000702_Heavy_Sweat_07.JPG, ;
ST702 Heavy Sweat;'0007020290;5714485113845;ST702;Quality: 65% combed cotton / 35% polyesterOxford Grey: 74% combed&nbspcotton / 11% polyester / 15% viscoseWeight: 320 g/m²IsoliBox: 20 pcs., pack: 5 pcs.The product is label free and contains only a small size label in the left side of the neck.This is a classic sweatshirt in top quality, with round neck and lycra rib. It has double stitches and stitches on the sides.;Heavy Sweat;02;Ash;PMS 427 C;#d0d3d4;90;2XL;81,55;DKK;98;0,6;61102010;Bangladesh;Sweatshirts;Crew neck, New Arrivals, ;http://download.stormtextil.dk/WebShop/PackShots/000702_Ash_02_back.jpg, http://download.stormtextil.dk/WebShop/PackShots/000702_Ash_02_front.jpg, http://download.stormtextil.dk/WebShop/PackShots/000702_Ash_02_side.jpg, ;http://download.stormtextil.dk/WebShop/ModelShots/000702_Heavy_Sweat_01c.jpg, http://download.stormtextil.dk/WebShop/ModelShots/000702_Heavy_Sweat_02c.jpg, http://download.stormtextil.dk/WebShop/ModelShots/000702_Heavy_Sweat_03c.jpg, http://download.stormtextil.dk/WebShop/ModelShots/000702_Heavy_Sweat_04c.JPG, http://download.stormtextil.dk/WebShop/ModelShots/000702_Heavy_Sweat_05c.jpg, http://download.stormtextil.dk/WebShop/ModelShots/000702_Heavy_Sweat_06c.jpg, http://download.stormtextil.dk/WebShop/ModelShots/000702_Heavy_Sweat_07.JPG, ;
ST702 Heavy Sweat;'0007020292;5714485108513;ST702;Quality: 65% combed cotton / 35% polyesterOxford Grey: 74% combed&nbspcotton / 11% polyester / 15% viscoseWeight: 320 g/m²IsoliBox: 20 pcs., pack: 5 pcs.The product is label free and contains only a small size label in the left side of the neck.This is a classic sweatshirt in top quality, with round neck and lycra rib. It has double stitches and stitches on the sides.;Heavy Sweat;02;Ash;PMS 427 C;#d0d3d4;92;4XL;91,55;DKK;30;0,7;61102010;Bangladesh;Sweatshirts;Crew neck, New Arrivals, ;http://download.stormtextil.dk/WebShop/PackShots/000702_Ash_02_back.jpg, http://download.stormtextil.dk/WebShop/PackShots/000702_Ash_02_front.jpg, http://download.stormtextil.dk/WebShop/PackShots/000702_Ash_02_side.jpg, ;http://download.stormtextil.dk/WebShop/ModelShots/000702_Heavy_Sweat_01c.jpg, http://download.stormtextil.dk/WebShop/ModelShots/000702_Heavy_Sweat_02c.jpg, http://download.stormtextil.dk/WebShop/ModelShots/000702_Heavy_Sweat_03c.jpg, http://download.stormtextil.dk/WebShop/ModelShots/000702_Heavy_Sweat_04c.JPG, http://download.stormtextil.dk/WebShop/ModelShots/000702_Heavy_Sweat_05c.jpg, http://download.stormtextil.dk/WebShop/ModelShots/000702_Heavy_Sweat_06c.jpg, http://download.stormtextil.dk/WebShop/ModelShots/000702_Heavy_Sweat_07.JPG, ;
ST702 Heavy Sweat;'000702027;5714485113821;ST702;Quality: 65% combed cotton / 35% polyesterOxford Grey: 74% combed&nbspcotton / 11% polyester / 15% viscoseWeight: 320 g/m²IsoliBox: 20 pcs., pack: 5 pcs.The product is label free and contains only a small size label in the left side of the neck.This is a classic sweatshirt in top quality, with round neck and lycra rib. It has double stitches and stitches on the sides.;Heavy Sweat;02;Ash;PMS 427 C;#d0d3d4;7;L;81,55;DKK;126;0,48;61102010;Bangladesh;Sweatshirts;Crew neck, New Arrivals, ;http://download.stormtextil.dk/WebShop/PackShots/000702_Ash_02_back.jpg, http://download.stormtextil.dk/WebShop/PackShots/000702_Ash_02_front.jpg, http://download.stormtextil.dk/WebShop/PackShots/000702_Ash_02_side.jpg, ;http://download.stormtextil.dk/WebShop/ModelShots/000702_Heavy_Sweat_01c.jpg, http://download.stormtextil.dk/WebShop/ModelShots/000702_Heavy_Sweat_02c.jpg, http://download.stormtextil.dk/WebShop/ModelShots/000702_Heavy_Sweat_03c.jpg, http://download.stormtextil.dk/WebShop/ModelShots/000702_Heavy_Sweat_04c.JPG, http://download.stormtextil.dk/WebShop/ModelShots/000702_Heavy_Sweat_05c.jpg, http://download.stormtextil.dk/WebShop/ModelShots/000702_Heavy_Sweat_06c.jpg, http://download.stormtextil.dk/WebShop/ModelShots/000702_Heavy_Sweat_07.JPG, ;
ST2415 Flat LH;'002415010;5714485108537;ST2415;Quality: 100% cottonNature and raw (with the cotton flower) 100% GOTS Certified organic cottonWeight: 150 g/m²5 oz canvasBox: 200 pcs., pack: 50 pcs.Size: 38 x 43 cmLong handle 66 cmAre you looking for a quality bag in organic cotton? Then you have come to the right place.&nbsp&nbsp&nbsp&nbsp&nbsp&nbsp&nbsp&nbsp&nbsp&nbsp&nbsp&nbsp&nbsp&nbspThe bags in organic cotton has a small flag label on top in one of the sides.ST2415 Model M LH&nbspin the color Nature and Unbleached&nbspis available in two versions one in organic cotton (look for the cotton flower logo) and one in conventional cotton.&nbsp;Flat 150g LH;01;White;White;#ffffff;0;Onesize;7,75;DKK;1249;0,06;42022900;Pakistan;Non-wear;Tote bags, New Arrivals, ;http://download.stormtextil.dk/WebShop/PackShots/002415_White_01_front.jpg, ;http://download.stormtextil.dk/WebShop/ModelShots/002415_Model_B_LH_01.jpg, http://download.stormtextil.dk/WebShop/ModelShots/002415_Model_B_LH_02.jpg, ;http://download.stormtextil.dk/WebShop/Washing_instructions/Storm_washing_instructions_40.png, 
ST3800 Shipping Box;'0038004442;5714485108551;ST3800;Quality shipping boxes made in 4 layers FCS cardboard.You can buy them in different sizes, but common to all of them is that they fit on a regular euro pallet.Minimum order 10 pieces of each size. Width and length are the same on all boxes it is the height that varies.XS570 X 380 X 100 mm21 LApprox. 20 t-shirtsS570 X 380 X 180 mm39 LApprox.&nbsp50 t-shirtsM570 X 380 X 240 mm51 LApprox. 60 t-shirtsL570 X 380 X 300 mm64 LApprox.&nbsp70 t-shirtsXL570 X 380 X 380 mm82 LApprox.100 t-shirtsMinimum order 10 pieces of each size.FCS is an international label used for wood, paper, and cardboard. When you purchase products with this label, it is your assurance that they are produced in orderly conditions. You can buy products marked with FSC with a good conscience. Read more about FCS here;Shipping Box;44;Nature;PMS 7527 C;#d6d2c4;42;XS;12,15;DKK;445;0;48191000;;Shipping boxes;;http://download.stormtextil.dk/WebShop/PackShots/003800_Nature_44_front.jpg, ;http://download.stormtextil.dk/WebShop/ModelShots/003800_Shipping_Box_01.jpg, http://download.stormtextil.dk/WebShop/ModelShots/003800_Shipping_Box_02.jpg, http://download.stormtextil.dk/WebShop/ModelShots/003800_Shipping_Box_03.jpg, http://download.stormtextil.dk/WebShop/ModelShots/003800_Shipping_Box_04.jpg, http://download.stormtextil.dk/WebShop/ModelShots/003800_Shipping_Box_05.jpg, http://download.stormtextil.dk/WebShop/ModelShots/003800_Shipping_Box_06.jpg, http://download.stormtextil.dk/WebShop/ModelShots/003800_Shipping_Box_07.jpg, ;
ST1000 Face Mask 3-ply;'001000030;5714485108421;ST1000;&nbspSave up to 50% on all facemasks. When buying 2500+ fabric masks you save 50%The discount will be deducted manually on your next invoice.The Danish authorities demand that people wear face masks in public in Denmark. There is no requirement for them to be CE approved or medical. Read our face mask guide click here.We can now offer 3-layer reusable fabric face masks, which can be washed at 60°CInner layer: Mesh, 100% polyesterMiddle layer: Single jersey, 100% cottonOuter layer: Isoli, 65% cotton / 35% polyesterCoated metal nose clip which is sewn into the maskAdjustable straps for the ears (13 cm.)Washable at 60°CSuitable for printingNot for medical useNot personal protective equipmentWe recommend that you wash the mask before useRead the test report here&nbspWe have chosen to use 3 different materials for ST1000 Face Mask, each layer has its own quality.The inner layer is mesh, which is often used for sportswear as it helps to conduct moisture away from the body, and in this case, away from your face.In the middle, there is a layer of single jersey that helps to absorb and retain moisture.The outer layer is a brushed isoli where the inside absorbs moisture and the outside prevents moisture from penetrating.It has a round shape over the nose and mouth to provide a spacious fit. It shapes around the chin and fits well on both large and small faces.The edge is finished with mesh piping which is soft against the skin. The piping continues and turns into ear straps.The ear straps have a soft plastic bead that holds the straps in place.&nbspThe nose clip helps to keep the mask in place and close to the nose. This is an advantage especially if you wear glasses, so they do not fog up.;Face Mask 3-ply;03;Black;Black;#000000;0;Onesize;12;DKK;29913;0,02;63079010;Bangladesh;Cover you;Face masks, New Arrivals, ;http://download.stormtextil.dk/WebShop/PackShots/001000_Black_03_back.jpg, http://download.stormtextil.dk/WebShop/PackShots/001000_Black_03_front.jpg, http://download.stormtextil.dk/WebShop/PackShots/001000_Black_03_side.jpg, ;http://download.stormtextil.dk/WebShop/ModelShots/001000_Face_Mask_01.jpg, http://download.stormtextil.dk/WebShop/ModelShots/001000_Face_Mask_02.jpg, http://download.stormtextil.dk/WebShop/ModelShots/001000_Face_Mask_03.jpg, http://download.stormtextil.dk/WebShop/ModelShots/001000_Face_Mask_05.jpg, http://download.stormtextil.dk/WebShop/ModelShots/001000_Face_Mask_06.jpg, ;http://download.stormtextil.dk/WebShop/Washing_instructions/Storm_washing_instructions_60.png, 
ST1000 Face Mask 3-ply;'001000410;5714485108452;ST1000;&nbspSave up to 50% on all facemasks. When buying 2500+ fabric masks you save 50%The discount will be deducted manually on your next invoice.The Danish authorities demand that people wear face masks in public in Denmark. There is no requirement for them to be CE approved or medical. Read our face mask guide click here.We can now offer 3-layer reusable fabric face masks, which can be washed at 60°CInner layer: Mesh, 100% polyesterMiddle layer: Single jersey, 100% cottonOuter layer: Isoli, 65% cotton / 35% polyesterCoated metal nose clip which is sewn into the maskAdjustable straps for the ears (13 cm.)Washable at 60°CSuitable for printingNot for medical useNot personal protective equipmentWe recommend that you wash the mask before useRead the test report here&nbspWe have chosen to use 3 different materials for ST1000 Face Mask, each layer has its own quality.The inner layer is mesh, which is often used for sportswear as it helps to conduct moisture away from the body, and in this case, away from your face.In the middle, there is a layer of single jersey that helps to absorb and retain moisture.The outer layer is a brushed isoli where the inside absorbs moisture and the outside prevents moisture from penetrating.It has a round shape over the nose and mouth to provide a spacious fit. It shapes around the chin and fits well on both large and small faces.The edge is finished with mesh piping which is soft against the skin. The piping continues and turns into ear straps.The ear straps have a soft plastic bead that holds the straps in place.&nbspThe nose clip helps to keep the mask in place and close to the nose. This is an advantage especially if you wear glasses, so they do not fog up.;Face Mask 3-ply;41;Steel Grey;PMS 7540 C;#4B4F54;0;Onesize;12;DKK;948;0,02;63079010;Bangladesh;Cover you;Face masks, New Arrivals, ;http://download.stormtextil.dk/WebShop/PackShots/001000_SteelGrey_41_back.jpg, http://download.stormtextil.dk/WebShop/PackShots/001000_SteelGrey_41_front.jpg, http://download.stormtextil.dk/WebShop/PackShots/001000_SteelGrey_41_side.jpg, ;http://download.stormtextil.dk/WebShop/ModelShots/001000_Face_Mask_01.jpg, http://download.stormtextil.dk/WebShop/ModelShots/001000_Face_Mask_02.jpg, http://download.stormtextil.dk/WebShop/ModelShots/001000_Face_Mask_03.jpg, http://download.stormtextil.dk/WebShop/ModelShots/001000_Face_Mask_05.jpg, http://download.stormtextil.dk/WebShop/ModelShots/001000_Face_Mask_06.jpg, ;http://download.stormtextil.dk/WebShop/Washing_instructions/Storm_washing_instructions_60.png, 
ST1000 Face Mask 3-ply;'001000540;5714485108445;ST1000;&nbspSave up to 50% on all facemasks. When buying 2500+ fabric masks you save 50%The discount will be deducted manually on your next invoice.The Danish authorities demand that people wear face masks in public in Denmark. There is no requirement for them to be CE approved or medical. Read our face mask guide click here.We can now offer 3-layer reusable fabric face masks, which can be washed at 60°CInner layer: Mesh, 100% polyesterMiddle layer: Single jersey, 100% cottonOuter layer: Isoli, 65% cotton / 35% polyesterCoated metal nose clip which is sewn into the maskAdjustable straps for the ears (13 cm.)Washable at 60°CSuitable for printingNot for medical useNot personal protective equipmentWe recommend that you wash the mask before useRead the test report here&nbspWe have chosen to use 3 different materials for ST1000 Face Mask, each layer has its own quality.The inner layer is mesh, which is often used for sportswear as it helps to conduct moisture away from the body, and in this case, away from your face.In the middle, there is a layer of single jersey that helps to absorb and retain moisture.The outer layer is a brushed isoli where the inside absorbs moisture and the outside prevents moisture from penetrating.It has a round shape over the nose and mouth to provide a spacious fit. It shapes around the chin and fits well on both large and small faces.The edge is finished with mesh piping which is soft against the skin. The piping continues and turns into ear straps.The ear straps have a soft plastic bead that holds the straps in place.&nbspThe nose clip helps to keep the mask in place and close to the nose. This is an advantage especially if you wear glasses, so they do not fog up.;Face Mask 3-ply;54;Sky Blue;PMS 657 C;#c8d8eb;0;Onesize;12;DKK;1657;0,02;63079010;Bangladesh;Cover you;Face masks, New Arrivals, ;http://download.stormtextil.dk/WebShop/PackShots/001000_SkyBlue_54_front.jpg, ;http://download.stormtextil.dk/WebShop/ModelShots/001000_Face_Mask_01.jpg, http://download.stormtextil.dk/WebShop/ModelShots/001000_Face_Mask_02.jpg, http://download.stormtextil.dk/WebShop/ModelShots/001000_Face_Mask_03.jpg, http://download.stormtextil.dk/WebShop/ModelShots/001000_Face_Mask_05.jpg, http://download.stormtextil.dk/WebShop/ModelShots/001000_Face_Mask_06.jpg, ;http://download.stormtextil.dk/WebShop/Washing_instructions/Storm_washing_instructions_60.png, 
ST1000 Face Mask 3-ply;'001000930;5714485108469;ST1000;&nbspSave up to 50% on all facemasks. When buying 2500+ fabric masks you save 50%The discount will be deducted manually on your next invoice.The Danish authorities demand that people wear face masks in public in Denmark. There is no requirement for them to be CE approved or medical. Read our face mask guide click here.We can now offer 3-layer reusable fabric face masks, which can be washed at 60°CInner layer: Mesh, 100% polyesterMiddle layer: Single jersey, 100% cottonOuter layer: Isoli, 65% cotton / 35% polyesterCoated metal nose clip which is sewn into the maskAdjustable straps for the ears (13 cm.)Washable at 60°CSuitable for printingNot for medical useNot personal protective equipmentWe recommend that you wash the mask before useRead the test report here&nbspWe have chosen to use 3 different materials for ST1000 Face Mask, each layer has its own quality.The inner layer is mesh, which is often used for sportswear as it helps to conduct moisture away from the body, and in this case, away from your face.In the middle, there is a layer of single jersey that helps to absorb and retain moisture.The outer layer is a brushed isoli where the inside absorbs moisture and the outside prevents moisture from penetrating.It has a round shape over the nose and mouth to provide a spacious fit. It shapes around the chin and fits well on both large and small faces.The edge is finished with mesh piping which is soft against the skin. The piping continues and turns into ear straps.The ear straps have a soft plastic bead that holds the straps in place.&nbspThe nose clip helps to keep the mask in place and close to the nose. This is an advantage especially if you wear glasses, so they do not fog up.;Face Mask 3-ply;93;New Army;PMS 7763 C;#5A5A39;0;Onesize;12;DKK;2191;0,02;63079010;Bangladesh;Cover you;Face masks, New Arrivals, ;http://download.stormtextil.dk/WebShop/PackShots/001000_NewArmy_93_front.jpg, ;http://download.stormtextil.dk/WebShop/ModelShots/001000_Face_Mask_01.jpg, http://download.stormtextil.dk/WebShop/ModelShots/001000_Face_Mask_02.jpg, http://download.stormtextil.dk/WebShop/ModelShots/001000_Face_Mask_03.jpg, http://download.stormtextil.dk/WebShop/ModelShots/001000_Face_Mask_05.jpg, http://download.stormtextil.dk/WebShop/ModelShots/001000_Face_Mask_06.jpg, ;http://download.stormtextil.dk/WebShop/Washing_instructions/Storm_washing_instructions_60.png, 
ST2804 Printbar;'002804958084;5714485108643;ST2804;;Printbar;9580;7270 White;White;#e8eded;84;1 m;56;DKK;100;0;32121000;Bangladesh;Foil;;;;
ST1001 Stretch Mask 3-ply;'001001050o;5714485108681;ST1001;&nbspSave up to 50% on all facemasks. When buying 2500+ fabric masks you save 50%The discount will be deducted manually on your next invoice.The Danish authorities demand that people wear face masks in public in Denmark. There is no requirement for them to be CE approved or medical. Read our face mask guide click here.We can now offer 3-layer reusable fabric face masks organic cotton and elastane, which can be washed at 60°CInner layer: Single jersey, 92% organic cotton / 8% ElastaneMiddle layer: Single jersey, 92% organic cotton / 8% ElastaneOuter layer: French terry, 92% organic cotton / 8% ElastaneCoated metal nose clip which is sewn into the maskAdjustable straps for the ears.Washable at 60°CSuitable for printingNot for medical useNot personal protective equipmentWe recommend that you wash the mask before useHeather Black: 72% organic&nbspcotton / 20% polyester / 8% elastaneOxford Grey: 77% organic cotton / 15 % viscose / 8% elastane;Stretch Mask 3-ply;05;Blue Navy;PMS 533 C;#1f2a44;0;Onesize;12;DKK;408;0,02;63079010;Bangladesh;Cover you;Face masks, New Arrivals, ;http://download.stormtextil.dk/WebShop/PackShots/001001_BlueNavy_05_back.jpg, http://download.stormtextil.dk/WebShop/PackShots/001001_BlueNavy_05_front.jpg, http://download.stormtextil.dk/WebShop/PackShots/001001_BlueNavy_05_side.jpg, ;http://download.stormtextil.dk/WebShop/ModelShots/001001_StrechMask3Ply_01.jpg, http://download.stormtextil.dk/WebShop/ModelShots/001001_StrechMask3Ply_02.jpg, ;
ST1001 Stretch Mask 3-ply;'001001030o;5714485108674;ST1001;&nbspSave up to 50% on all facemasks. When buying 2500+ fabric masks you save 50%The discount will be deducted manually on your next invoice.The Danish authorities demand that people wear face masks in public in Denmark. There is no requirement for them to be CE approved or medical. Read our face mask guide click here.We can now offer 3-layer reusable fabric face masks organic cotton and elastane, which can be washed at 60°CInner layer: Single jersey, 92% organic cotton / 8% ElastaneMiddle layer: Single jersey, 92% organic cotton / 8% ElastaneOuter layer: French terry, 92% organic cotton / 8% ElastaneCoated metal nose clip which is sewn into the maskAdjustable straps for the ears.Washable at 60°CSuitable for printingNot for medical useNot personal protective equipmentWe recommend that you wash the mask before useHeather Black: 72% organic&nbspcotton / 20% polyester / 8% elastaneOxford Grey: 77% organic cotton / 15 % viscose / 8% elastane;Stretch Mask 3-ply;03;Black;Black;#000000;0;Onesize;12;DKK;64578;0,02;63079010;Bangladesh;Cover you;Face masks, New Arrivals, ;http://download.stormtextil.dk/WebShop/PackShots/001001_Black_03_back.jpg, http://download.stormtextil.dk/WebShop/PackShots/001001_Black_03_front.jpg, http://download.stormtextil.dk/WebShop/PackShots/001001_Black_03_side.jpg, ;http://download.stormtextil.dk/WebShop/ModelShots/001001_StrechMask3Ply_01.jpg, http://download.stormtextil.dk/WebShop/ModelShots/001001_StrechMask3Ply_02.jpg, ;
ST1001 Stretch Mask 3-ply;'001001920o;5714485108704;ST1001;&nbspSave up to 50% on all facemasks. When buying 2500+ fabric masks you save 50%The discount will be deducted manually on your next invoice.The Danish authorities demand that people wear face masks in public in Denmark. There is no requirement for them to be CE approved or medical. Read our face mask guide click here.We can now offer 3-layer reusable fabric face masks organic cotton and elastane, which can be washed at 60°CInner layer: Single jersey, 92% organic cotton / 8% ElastaneMiddle layer: Single jersey, 92% organic cotton / 8% ElastaneOuter layer: French terry, 92% organic cotton / 8% ElastaneCoated metal nose clip which is sewn into the maskAdjustable straps for the ears.Washable at 60°CSuitable for printingNot for medical useNot personal protective equipmentWe recommend that you wash the mask before useHeather Black: 72% organic&nbspcotton / 20% polyester / 8% elastaneOxford Grey: 77% organic cotton / 15 % viscose / 8% elastane;Stretch Mask 3-ply;92;Heather Black;PMS 432 C;#191919;0;Onesize;12;DKK;4150;0,02;63079010;Bangladesh;Cover you;Face masks, New Arrivals, ;http://download.stormtextil.dk/WebShop/PackShots/001001_HeatherBlack_92_back.jpg, http://download.stormtextil.dk/WebShop/PackShots/001001_HeatherBlack_92_front.jpg, http://download.stormtextil.dk/WebShop/PackShots/001001_HeatherBlack_92_side.jpg, ;http://download.stormtextil.dk/WebShop/ModelShots/001001_StrechMask3Ply_01.jpg, http://download.stormtextil.dk/WebShop/ModelShots/001001_StrechMask3Ply_02.jpg, ;
ST1001 Stretch Mask 3-ply;'001001010o;5714485110035;ST1001;&nbspSave up to 50% on all facemasks. When buying 2500+ fabric masks you save 50%The discount will be deducted manually on your next invoice.The Danish authorities demand that people wear face masks in public in Denmark. There is no requirement for them to be CE approved or medical. Read our face mask guide click here.We can now offer 3-layer reusable fabric face masks organic cotton and elastane, which can be washed at 60°CInner layer: Single jersey, 92% organic cotton / 8% ElastaneMiddle layer: Single jersey, 92% organic cotton / 8% ElastaneOuter layer: French terry, 92% organic cotton / 8% ElastaneCoated metal nose clip which is sewn into the maskAdjustable straps for the ears.Washable at 60°CSuitable for printingNot for medical useNot personal protective equipmentWe recommend that you wash the mask before useHeather Black: 72% organic&nbspcotton / 20% polyester / 8% elastaneOxford Grey: 77% organic cotton / 15 % viscose / 8% elastane;Stretch Mask 3-ply;01;White;White;#ffffff;0;Onesize;12;DKK;1531;0,02;63079010;Bangladesh;Cover you;Face masks, New Arrivals, ;http://download.stormtextil.dk/WebShop/PackShots/001001_White_01_back.jpg, http://download.stormtextil.dk/WebShop/PackShots/001001_White_01_front.jpg, http://download.stormtextil.dk/WebShop/PackShots/001001_White_01_side.jpg, ;http://download.stormtextil.dk/WebShop/ModelShots/001001_StrechMask3Ply_01.jpg, http://download.stormtextil.dk/WebShop/ModelShots/001001_StrechMask3Ply_02.jpg, ;
ST1003 2-ply Mask;'001003030;5714485108902;ST1003;Save up to 50% on all facemasks. When buying 2500+ fabric masks you save 50%The discount will be deducted manually on your next invoice.The Danish authorities demand that people wear face masks in public in Denmark. There is no requirement for them to be CE approved or medical. Read our face mask guide click here.We can now offer 2-layer reusable fabric face masks, which can be washed at 60°CInner layer: Single Jersey 100% cottonOuter layer: Isoli, 65% cotton / 35% polyesterAdjustable straps for the ears.Washable at 60 ° CSuitable for printingNot for medical useNot personal protective equipmentWe recommend that you wash the mask before useThe mask is round over the nose and mouth to provide a spacious fit. It ends under the chin and fits well on both large and small faces.The piping is finished with mesh edging which is soft against the skin. The edging continues and becomes ear straps.The ear straps go through a little loop, and you can adjust the ear straps by pulling it through the loop.&nbsp;2-ply Mask;03;Black;Black;#000000;0;Onesize;9,35;DKK;836;0,02;63079010;Bangladesh;Cover you;Face masks, New Arrivals, ;http://download.stormtextil.dk/WebShop/PackShots/001003_Black_03_back.jpg, http://download.stormtextil.dk/WebShop/PackShots/001003_Black_03_front.jpg, http://download.stormtextil.dk/WebShop/PackShots/001003_Black_03_side.jpg, ;http://download.stormtextil.dk/WebShop/ModelShots/001003_2PlyMask_01.jpg, http://download.stormtextil.dk/WebShop/ModelShots/001003_2PlyMask_02.jpg, ;
ST1003 2-ply Mask;'001003050;5714485109947;ST1003;Save up to 50% on all facemasks. When buying 2500+ fabric masks you save 50%The discount will be deducted manually on your next invoice.The Danish authorities demand that people wear face masks in public in Denmark. There is no requirement for them to be CE approved or medical. Read our face mask guide click here.We can now offer 2-layer reusable fabric face masks, which can be washed at 60°CInner layer: Single Jersey 100% cottonOuter layer: Isoli, 65% cotton / 35% polyesterAdjustable straps for the ears.Washable at 60 ° CSuitable for printingNot for medical useNot personal protective equipmentWe recommend that you wash the mask before useThe mask is round over the nose and mouth to provide a spacious fit. It ends under the chin and fits well on both large and small faces.The piping is finished with mesh edging which is soft against the skin. The edging continues and becomes ear straps.The ear straps go through a little loop, and you can adjust the ear straps by pulling it through the loop.&nbsp;2-ply Mask;05;Blue Navy;PMS 533 C;#1f2a44;0;Onesize;9,35;DKK;275;0,02;63079010;Bangladesh;Cover you;Face masks, New Arrivals, ;http://download.stormtextil.dk/WebShop/PackShots/001003_BlueNavy_05_back.jpg, http://download.stormtextil.dk/WebShop/PackShots/001003_BlueNavy_05_front.jpg, http://download.stormtextil.dk/WebShop/PackShots/001003_BlueNavy_05_side.jpg, ;http://download.stormtextil.dk/WebShop/ModelShots/001003_2PlyMask_01.jpg, http://download.stormtextil.dk/WebShop/ModelShots/001003_2PlyMask_02.jpg, ;
ST1003 2-ply Mask;'001003340;5714485109954;ST1003;Save up to 50% on all facemasks. When buying 2500+ fabric masks you save 50%The discount will be deducted manually on your next invoice.The Danish authorities demand that people wear face masks in public in Denmark. There is no requirement for them to be CE approved or medical. Read our face mask guide click here.We can now offer 2-layer reusable fabric face masks, which can be washed at 60°CInner layer: Single Jersey 100% cottonOuter layer: Isoli, 65% cotton / 35% polyesterAdjustable straps for the ears.Washable at 60 ° CSuitable for printingNot for medical useNot personal protective equipmentWe recommend that you wash the mask before useThe mask is round over the nose and mouth to provide a spacious fit. It ends under the chin and fits well on both large and small faces.The piping is finished with mesh edging which is soft against the skin. The edging continues and becomes ear straps.The ear straps go through a little loop, and you can adjust the ear straps by pulling it through the loop.&nbsp;2-ply Mask;34;Oxford Grey;PMS Cool Grey 7 C;#97999b;0;Onesize;9,35;DKK;341;0,02;63079010;Bangladesh;Cover you;Face masks, New Arrivals, ;http://download.stormtextil.dk/WebShop/PackShots/001003_OxfordGrey_34_back.jpg, http://download.stormtextil.dk/WebShop/PackShots/001003_OxfordGrey_34_front.jpg, http://download.stormtextil.dk/WebShop/PackShots/001003_OxfordGrey_34_side.jpg, ;http://download.stormtextil.dk/WebShop/ModelShots/001003_2PlyMask_01.jpg, http://download.stormtextil.dk/WebShop/ModelShots/001003_2PlyMask_02.jpg, ;
ST2900 Embroidery Thread;'00290080420;5714485108957;ST2900;NOTE: Silver and Gold are 4000 meters.&nbsp;Embroidery Thread;8042;Sun;7408 C;#F6BE00;0;Onesize;20;DKK;60;0;52042000;Bangladesh;Embroidery thread;New Arrivals, ;http://download.stormtextil.dk/WebShop/PackShots/002900_Sun_8042_front.jpg, ;http://download.stormtextil.dk/WebShop/ModelShots/002900_embroidery_thread_01.jpg, ;
ST2900 Embroidery Thread;'00290086330;5714485108988;ST2900;NOTE: Silver and Gold are 4000 meters.&nbsp;Embroidery Thread;8633;Gold;871 C;#89764B;0;Onesize;40;DKK;40;0;52042000;Bangladesh;Embroidery thread;New Arrivals, ;http://download.stormtextil.dk/WebShop/PackShots/002900_Gold_8633_front.jpg, ;http://download.stormtextil.dk/WebShop/ModelShots/002900_embroidery_thread_01.jpg, ;
ST2900 Embroidery Thread;'00290080010;5714485109237;ST2900;NOTE: Silver and Gold are 4000 meters.&nbsp;Embroidery Thread;8001;White;Bright White;#F4F9FF;0;Onesize;20;DKK;184;0;52042000;Bangladesh;Embroidery thread;New Arrivals, ;http://download.stormtextil.dk/WebShop/PackShots/002900_White_8001_front.jpg, ;http://download.stormtextil.dk/WebShop/ModelShots/002900_embroidery_thread_01.jpg, ;
ST2900 Embroidery Thread;'00290086320;5714485108995;ST2900;NOTE: Silver and Gold are 4000 meters.&nbsp;Embroidery Thread;8632;Silver;877 C;#8D9093;0;Onesize;40;DKK;53;0;52042000;Bangladesh;Embroidery thread;New Arrivals, ;http://download.stormtextil.dk/WebShop/PackShots/002900_Silver_8632_front.jpg, ;http://download.stormtextil.dk/WebShop/ModelShots/002900_embroidery_thread_01.jpg, ;
ST2900 Embroidery Thread;'00290080480;5714485108940;ST2900;NOTE: Silver and Gold are 4000 meters.&nbsp;Embroidery Thread;8048;Honey;3514 C;#f6b700;0;Onesize;20;DKK;70;0;52042000;Bangladesh;Embroidery thread;New Arrivals, ;http://download.stormtextil.dk/WebShop/PackShots/002900_Honey_8048_front.jpg, ;http://download.stormtextil.dk/WebShop/ModelShots/002900_embroidery_thread_01.jpg, ;
ST2900 Embroidery Thread;'00290080510;5714485108803;ST2900;NOTE: Silver and Gold are 4000 meters.&nbsp;Embroidery Thread;8051;Sunshine;803 C;#FFE901;0;Onesize;20;DKK;54;0;52042000;Bangladesh;Embroidery thread;New Arrivals, ;http://download.stormtextil.dk/WebShop/PackShots/002900_Sunshine_8051_front.jpg, ;http://download.stormtextil.dk/WebShop/ModelShots/002900_embroidery_thread_01.jpg, ;
ST2900 Embroidery Thread;'00290086220;5714485109008;ST2900;NOTE: Silver and Gold are 4000 meters.&nbsp;Embroidery Thread;8622;Fuchsia;2415 C;#9E007E;0;Onesize;20;DKK;62;0;52042000;Bangladesh;Embroidery thread;New Arrivals, ;http://download.stormtextil.dk/WebShop/PackShots/002900_Fuchsia_8622_front.jpg, ;http://download.stormtextil.dk/WebShop/ModelShots/002900_embroidery_thread_01.jpg, ;
ST2900 Embroidery Thread;'00290080880;5714485108964;ST2900;NOTE: Silver and Gold are 4000 meters.&nbsp;Embroidery Thread;8088;Caramel;2314 C;#AC7644;0;Onesize;20;DKK;67;0;52042000;Bangladesh;Embroidery thread;New Arrivals, ;http://download.stormtextil.dk/WebShop/PackShots/002900_Caramel_8088_front.jpg, ;http://download.stormtextil.dk/WebShop/ModelShots/002900_embroidery_thread_01.jpg, ;
ST2900 Embroidery Thread;'00290084500;5714485109213;ST2900;NOTE: Silver and Gold are 4000 meters.&nbsp;Embroidery Thread;8450;Powder blue;652 C;#7D9CC0;0;Onesize;20;DKK;70;0;52042000;Bangladesh;Embroidery thread;New Arrivals, ;http://download.stormtextil.dk/WebShop/PackShots/002900_PowderBlue_8450_front.jpg, ;http://download.stormtextil.dk/WebShop/ModelShots/002900_embroidery_thread_01.jpg, ;
ST2900 Embroidery Thread;'00290084560;5714485109206;ST2900;NOTE: Silver and Gold are 4000 meters.&nbsp;Embroidery Thread;8456;Rain;660 C;#407EC9;0;Onesize;20;DKK;63;0;52042000;Bangladesh;Embroidery thread;New Arrivals, ;http://download.stormtextil.dk/WebShop/PackShots/002900_Rain_8456_front.jpg, ;http://download.stormtextil.dk/WebShop/ModelShots/002900_embroidery_thread_01.jpg, ;
ST2900 Embroidery Thread;'00290084630;5714485109190;ST2900;NOTE: Silver and Gold are 4000 meters.&nbsp;Embroidery Thread;8463;Pastel blue;2143 C;#3D87CB;0;Onesize;20;DKK;129;0;52042000;Bangladesh;Embroidery thread;New Arrivals, ;http://download.stormtextil.dk/WebShop/PackShots/002900_PastelBlue_8463_front.jpg, ;http://download.stormtextil.dk/WebShop/ModelShots/002900_embroidery_thread_01.jpg, ;
ST2900 Embroidery Thread;'00290086030;5714485109015;ST2900;NOTE: Silver and Gold are 4000 meters.&nbsp;Embroidery Thread;8603;Charcoal;446 C;#3F4443;0;Onesize;20;DKK;64;0;52042000;Bangladesh;Embroidery thread;New Arrivals, ;http://download.stormtextil.dk/WebShop/PackShots/002900_Charcoal_8603_front.jpg, ;http://download.stormtextil.dk/WebShop/ModelShots/002900_embroidery_thread_01.jpg, ;
ST2900 Embroidery Thread;'00290085890;5714485109046;ST2900;NOTE: Silver and Gold are 4000 meters.&nbsp;Embroidery Thread;8589;Golden caramel;7508 C;#E1B87F;0;Onesize;20;DKK;66;0;52042000;Bangladesh;Embroidery thread;New Arrivals, ;http://download.stormtextil.dk/WebShop/PackShots/002900_GoldenCaramel_8589_front.jpg, ;http://download.stormtextil.dk/WebShop/ModelShots/002900_embroidery_thread_01.jpg, ;
ST2900 Embroidery Thread;'00290086010;5714485109022;ST2900;NOTE: Silver and Gold are 4000 meters.&nbsp;Embroidery Thread;8601;Quartz;425 C;#545860;0;Onesize;20;DKK;70;0;52042000;Bangladesh;Embroidery thread;New Arrivals, ;http://download.stormtextil.dk/WebShop/PackShots/002900_Quartz_8601_front.jpg, ;http://download.stormtextil.dk/WebShop/ModelShots/002900_embroidery_thread_01.jpg, ;
ST2900 Embroidery Thread;'00290084470;5714485109220;ST2900;NOTE: Silver and Gold are 4000 meters.&nbsp;Embroidery Thread;8447;Baby blue;292 C;#69B3E7;0;Onesize;20;DKK;69;0;52042000;Bangladesh;Embroidery thread;New Arrivals, ;http://download.stormtextil.dk/WebShop/PackShots/002900_BabyBlue_8447_front.jpg, ;http://download.stormtextil.dk/WebShop/ModelShots/002900_embroidery_thread_01.jpg, ;
ST2900 Embroidery Thread;'00290084690;5714485109183;ST2900;NOTE: Silver and Gold are 4000 meters.&nbsp;Embroidery Thread;8469;New royal;2728 C;#0047BB;0;Onesize;20;DKK;69;0;52042000;Bangladesh;Embroidery thread;New Arrivals, ;http://download.stormtextil.dk/WebShop/PackShots/002900_NewRoyal_8469_front.jpg, ;http://download.stormtextil.dk/WebShop/ModelShots/002900_embroidery_thread_01.jpg, ;
ST2900 Embroidery Thread;'00290085470;5714485109107;ST2900;NOTE: Silver and Gold are 4000 meters.&nbsp;Embroidery Thread;8547;Coral;178 C;#FF585E;0;Onesize;20;DKK;68;0;52042000;Bangladesh;Embroidery thread;New Arrivals, ;http://download.stormtextil.dk/WebShop/PackShots/002900_Coral_8547_front.jpg, ;http://download.stormtextil.dk/WebShop/ModelShots/002900_embroidery_thread_01.jpg, ;
ST2900 Embroidery Thread;'00290084710;5714485109176;ST2900;NOTE: Silver and Gold are 4000 meters.&nbsp;Embroidery Thread;8471;Cobbolt;661 C;#003594;0;Onesize;20;DKK;104;0;52042000;Bangladesh;Embroidery thread;New Arrivals, ;http://download.stormtextil.dk/WebShop/PackShots/002900_Cobbolt_8471_front.jpg, ;http://download.stormtextil.dk/WebShop/ModelShots/002900_embroidery_thread_01.jpg, ;
ST2900 Embroidery Thread;'00290085990;5714485109039;ST2900;NOTE: Silver and Gold are 4000 meters.&nbsp;Embroidery Thread;8599;Cement;2332 C;#8C8985;0;Onesize;20;DKK;68;0;52042000;Bangladesh;Embroidery thread;New Arrivals, ;http://download.stormtextil.dk/WebShop/PackShots/002900_Cemnet_8599_front.jpg, ;http://download.stormtextil.dk/WebShop/ModelShots/002900_embroidery_thread_01.jpg, ;
ST2900 Embroidery Thread;'00290085500;5714485109091;ST2900;NOTE: Silver and Gold are 4000 meters.&nbsp;Embroidery Thread;8550;Burnt sienna;484 C;#9A3324;0;Onesize;20;DKK;69;0;52042000;Bangladesh;Embroidery thread;New Arrivals, ;http://download.stormtextil.dk/WebShop/PackShots/002900_BurntSienna_8550_front.jpg, ;http://download.stormtextil.dk/WebShop/ModelShots/002900_embroidery_thread_01.jpg, ;
ST2900 Embroidery Thread;'00290085370;5714485109114;ST2900;NOTE: Silver and Gold are 4000 meters.&nbsp;Embroidery Thread;8537;Plum;7657 C;#6E2B62;0;Onesize;20;DKK;66;0;52042000;Bangladesh;Embroidery thread;New Arrivals, ;http://download.stormtextil.dk/WebShop/PackShots/002900_Plum_8537_front.jpg, ;http://download.stormtextil.dk/WebShop/ModelShots/002900_embroidery_thread_01.jpg, ;
ST2900 Embroidery Thread;'00290085120;5714485109138;ST2900;NOTE: Silver and Gold are 4000 meters.&nbsp;Embroidery Thread;8512;Violet;2695 C;#2E1A48;0;Onesize;20;DKK;70;0;52042000;Bangladesh;Embroidery thread;New Arrivals, ;http://download.stormtextil.dk/WebShop/PackShots/002900_Violet_8512_front.jpg, ;http://download.stormtextil.dk/WebShop/ModelShots/002900_embroidery_thread_01.jpg, ;
ST2900 Embroidery Thread;'00290084770;5714485109169;ST2900;NOTE: Silver and Gold are 4000 meters.&nbsp;Embroidery Thread;8477;Thunder;7692 C;#005687;0;Onesize;20;DKK;68;0;52042000;Bangladesh;Embroidery thread;New Arrivals, ;http://download.stormtextil.dk/WebShop/PackShots/002900_Thunder_8477_front.jpg, ;http://download.stormtextil.dk/WebShop/ModelShots/002900_embroidery_thread_01.jpg, ;
ST2900 Embroidery Thread;'00290085730;5714485109053;ST2900;NOTE: Silver and Gold are 4000 meters.&nbsp;Embroidery Thread;8573;Antique White;11-0105 TCX;#EEE5D3;0;Onesize;20;DKK;65;0;52042000;Bangladesh;Embroidery thread;New Arrivals, ;http://download.stormtextil.dk/WebShop/PackShots/002900_AntiqueWhite_8573_front.jpg, ;http://download.stormtextil.dk/WebShop/ModelShots/002900_embroidery_thread_01.jpg, ;
ST2900 Embroidery Thread;'00290085690;5714485109060;ST2900;NOTE: Silver and Gold are 4000 meters.&nbsp;Embroidery Thread;8569;Graphite;Black 3 C;#212721;0;Onesize;20;DKK;70;0;52042000;Bangladesh;Embroidery thread;New Arrivals, ;http://download.stormtextil.dk/WebShop/PackShots/002900_Graphite_8569_front.jpg, ;http://download.stormtextil.dk/WebShop/ModelShots/002900_embroidery_thread_01.jpg, ;
ST2900 Embroidery Thread;'00290084810;5714485109152;ST2900;NOTE: Silver and Gold are 4000 meters.&nbsp;Embroidery Thread;8481;Briliant blue;3005 C;#0077C8;0;Onesize;20;DKK;63;0;52042000;Bangladesh;Embroidery thread;New Arrivals, ;http://download.stormtextil.dk/WebShop/PackShots/002900_BriliantBlue_8481_front.jpg, ;http://download.stormtextil.dk/WebShop/ModelShots/002900_embroidery_thread_01.jpg, ;
ST2900 Embroidery Thread;'00290084850;5714485109145;ST2900;NOTE: Silver and Gold are 4000 meters.&nbsp;Embroidery Thread;8485;Blue;2196 C;#0069B2;0;Onesize;20;DKK;65;0;52042000;Bangladesh;Embroidery thread;New Arrivals, ;http://download.stormtextil.dk/WebShop/PackShots/002900_Blue_8485_front.jpg, ;http://download.stormtextil.dk/WebShop/ModelShots/002900_embroidery_thread_01.jpg, ;
ST2900 Embroidery Thread;'00290085360;5714485109121;ST2900;NOTE: Silver and Gold are 4000 meters.&nbsp;Embroidery Thread;8536;Purple;2603 C;#702082;0;Onesize;20;DKK;70;0;52042000;Bangladesh;Embroidery thread;New Arrivals, ;http://download.stormtextil.dk/WebShop/PackShots/002900_Purple_8536_front.jpg, ;http://download.stormtextil.dk/WebShop/ModelShots/002900_embroidery_thread_01.jpg, ;
ST2900 Embroidery Thread;'00290085620;5714485109084;ST2900;NOTE: Silver and Gold are 4000 meters.&nbsp;Embroidery Thread;8562;Chocolate;Black 5 C;#423438;0;Onesize;20;DKK;36;0;52042000;Bangladesh;Embroidery thread;New Arrivals, ;http://download.stormtextil.dk/WebShop/PackShots/002900_Chocolate_8562_front.jpg, ;http://download.stormtextil.dk/WebShop/ModelShots/002900_embroidery_thread_01.jpg, ;
ST2900 Embroidery Thread;'00290085680;5714485109077;ST2900;NOTE: Silver and Gold are 4000 meters.&nbsp;Embroidery Thread;8568;Steel;447 C;#373A36;0;Onesize;20;DKK;69;0;52042000;Bangladesh;Embroidery thread;New Arrivals, ;http://download.stormtextil.dk/WebShop/PackShots/002900_Steel_8568_front.jpg, ;http://download.stormtextil.dk/WebShop/ModelShots/002900_embroidery_thread_01.jpg, ;
ST2900 Embroidery Thread;'00290080030;5714485109244;ST2900;NOTE: Silver and Gold are 4000 meters.&nbsp;Embroidery Thread;8003;Black;Black C;#2D2926;0;Onesize;20;DKK;191;0;52042000;Bangladesh;Embroidery thread;New Arrivals, ;http://download.stormtextil.dk/WebShop/PackShots/002900_Black_8003_front.jpg, ;http://download.stormtextil.dk/WebShop/ModelShots/002900_embroidery_thread_01.jpg, ;
ST2900 Embroidery Thread;'00290080310;5714485109251;ST2900;NOTE: Silver and Gold are 4000 meters.&nbsp;Embroidery Thread;8031;Light yellow;1205 C;#F8E08E;0;Onesize;20;DKK;69;0;52042000;Bangladesh;Embroidery thread;New Arrivals, ;http://download.stormtextil.dk/WebShop/PackShots/002900_LightYellow_8031_front.jpg, ;http://download.stormtextil.dk/WebShop/ModelShots/002900_embroidery_thread_01.jpg, ;
ST2900 Embroidery Thread;'00290080600;5714485109275;ST2900;NOTE: Silver and Gold are 4000 meters.&nbsp;Embroidery Thread;8060;Saffron;1225 C;#FFC846;0;Onesize;20;DKK;70;0;52042000;Bangladesh;Embroidery thread;New Arrivals, ;http://download.stormtextil.dk/WebShop/PackShots/002900_Saffron_8060_front.jpg, ;http://download.stormtextil.dk/WebShop/ModelShots/002900_embroidery_thread_01.jpg, ;
ST2900 Embroidery Thread;'00290080650;5714485109282;ST2900;NOTE: Silver and Gold are 4000 meters.&nbsp;Embroidery Thread;8065;Light curry;2006 C;#EBBC4E;0;Onesize;20;DKK;208;0;52042000;Bangladesh;Embroidery thread;New Arrivals, ;http://download.stormtextil.dk/WebShop/PackShots/002900_LightCurry_8065_front.jpg, ;http://download.stormtextil.dk/WebShop/ModelShots/002900_embroidery_thread_01.jpg, ;
ST2900 Embroidery Thread;'00290080710;5714485109305;ST2900;NOTE: Silver and Gold are 4000 meters.&nbsp;Embroidery Thread;8071;Pale orange;2013 C;#FF9800;0;Onesize;20;DKK;63;0;52042000;Bangladesh;Embroidery thread;New Arrivals, ;http://download.stormtextil.dk/WebShop/PackShots/002900_PaleOrange_8071_front.jpg, ;http://download.stormtextil.dk/WebShop/ModelShots/002900_embroidery_thread_01.jpg, ;
ST2900 Embroidery Thread;'00290080590;5714485109268;ST2900;NOTE: Silver and Gold are 4000 meters.&nbsp;Embroidery Thread;8059;Lemon;1235 C;#FFB81D;0;Onesize;20;DKK;66;0;52042000;Bangladesh;Embroidery thread;New Arrivals, ;http://download.stormtextil.dk/WebShop/PackShots/002900_Lemon_8059_front.jpg, ;http://download.stormtextil.dk/WebShop/ModelShots/002900_embroidery_thread_01.jpg, ;
ST2900 Embroidery Thread;'00290080690;5714485109299;ST2900;NOTE: Silver and Gold are 4000 meters.&nbsp;Embroidery Thread;8069;Dahlia;137 C;#FFA400;0;Onesize;20;DKK;49;0;52042000;Bangladesh;Embroidery thread;New Arrivals, ;http://download.stormtextil.dk/WebShop/PackShots/002900_Dahlia_8069_front.jpg, ;http://download.stormtextil.dk/WebShop/ModelShots/002900_embroidery_thread_01.jpg, ;
ST2900 Embroidery Thread;'00290080930;5714485109312;ST2900;NOTE: Silver and Gold are 4000 meters.&nbsp;Embroidery Thread;8093;Sienna;159 C;#CB6015;0;Onesize;20;DKK;69;0;52042000;Bangladesh;Embroidery thread;New Arrivals, ;http://download.stormtextil.dk/WebShop/PackShots/002900_Sienna_8093_front.jpg, ;http://download.stormtextil.dk/WebShop/ModelShots/002900_embroidery_thread_01.jpg, ;
ST2900 Embroidery Thread;'00290080980;5714485109329;ST2900;NOTE: Silver and Gold are 4000 meters.&nbsp;Embroidery Thread;8098;Tangerine;715 C;#F68D2E;0;Onesize;20;DKK;69;0;52042000;Bangladesh;Embroidery thread;New Arrivals, ;http://download.stormtextil.dk/WebShop/PackShots/002900_Tangerine_8098_front.jpg, ;http://download.stormtextil.dk/WebShop/ModelShots/002900_embroidery_thread_01.jpg, ;
ST2900 Embroidery Thread;'00290081080;5714485109343;ST2900;NOTE: Silver and Gold are 4000 meters.&nbsp;Embroidery Thread;8108;Orange;1585 C;#FF6A14;0;Onesize;20;DKK;31;0;52042000;Bangladesh;Embroidery thread;New Arrivals, ;http://download.stormtextil.dk/WebShop/PackShots/002900_Orange_8108_front.jpg, ;http://download.stormtextil.dk/WebShop/ModelShots/002900_embroidery_thread_01.jpg, ;
ST2900 Embroidery Thread;'00290081130;5714485109367;ST2900;NOTE: Silver and Gold are 4000 meters.&nbsp;Embroidery Thread;8113;Vibrant Orange;1655 C;#FC4C02;0;Onesize;20;DKK;69;0;52042000;Bangladesh;Embroidery thread;New Arrivals, ;http://download.stormtextil.dk/WebShop/PackShots/002900_VibrantOrange_8113_front.jpg, ;http://download.stormtextil.dk/WebShop/ModelShots/002900_embroidery_thread_01.jpg, ;
ST2900 Embroidery Thread;'00290081180;5714485109381;ST2900;NOTE: Silver and Gold are 4000 meters.&nbsp;Embroidery Thread;8118;Peach;1635 C;#FF8D6D;0;Onesize;20;DKK;69;0;52042000;Bangladesh;Embroidery thread;New Arrivals, ;http://download.stormtextil.dk/WebShop/PackShots/002900_Peach_8118_front.jpg, ;http://download.stormtextil.dk/WebShop/ModelShots/002900_embroidery_thread_01.jpg, ;
